MEDIDOR,mes,dia,año,periodo,importe ($),demanda (kw),consumo (kwh)
170796743,1,28,2022,Verano,0,0,0
5070279,1,28,2022,Verano,1.38,0,0
14100718,1,28,2022,Verano,1.38,0,0
5070182,1,28,2022,Verano,1.39,0,0
5070260,1,28,2022,Verano,1.39,0,0
5070425,1,28,2022,Verano,1.39,0,0
5070428,1,28,2022,Verano,1.39,0,0
14100720,1,28,2022,Verano,1.39,0,2
69406118,1,28,2022,Verano,1.4,0,1
5070257,1,28,2022,Verano,3.12,0,32
14000318,1,28,2022,Verano,3.73,0.2,40
14102718,1,28,2022,Verano,3.88,0,42
5073556,1,28,2022,Verano,3.97,0,43
1809126635,1,28,2022,Verano,4.11,0,45
712986,1,28,2022,Verano,7.24,0,80
78800436,1,28,2022,Verano,7.24,2,80
5073553,1,28,2022,Verano,7.35,0,88
5070426,1,28,2022,Verano,7.76,0,93
62086091,1,28,2022,Verano,8.02,0,97
5070259,1,28,2022,Verano,8.61,0,105
5073555,1,28,2022,Verano,9.13,0,112
53064654,1,28,2022,Verano,9.51,2,118
5070181,1,28,2022,Verano,10.09,0,125
17846279,1,28,2022,Verano,10.75,2,120
5070258,1,28,2022,Verano,11.74,0,146
5070427,1,28,2022,Verano,22.76,0,289
15004519,1,28,2022,Verano,44.6,5,400
50001054,1,28,2022,Verano,240.4,14,1500
163806535,1,28,2022,Verano,430.83,18,2000
18790336,1,28,2022,Verano,490.39,19,1600
3001351,1,28,2022,Verano,528.79,0,2100
13001019,1,28,2022,Verano,654.38,24,2080
17791530,1,28,2022,Verano,709.52,14,3200
13001327,1,28,2022,Verano,731.25,28,2400
144664857,1,28,2022,Verano,838.65,16,3200
17791158,1,28,2022,Verano,868.54,25,4160
18792324,1,28,2022,Verano,906.86,43,3600
18792946,1,28,2022,Verano,909.9,40,2400
18792953,1,28,2022,Verano,964.52,54,1600
150549252,1,28,2022,Verano,1266.9,30,4960
18792647,1,28,2022,Verano,1362.51,43,4880
1707900616,1,28,2022,Verano,1538.73,61,4640
17790969,1,28,2022,Verano,1793.98,54,6720
13001218,1,28,2022,Verano,1947.33,53,7687
13000875,1,28,2022,Verano,2561.32,82,11040
14000987,1,28,2022,Verano,2983.12,78,10847
17791239,1,28,2022,Verano,3417.08,69,15000
14000888,1,28,2022,Verano,3897.95,95,16080
3143240218,1,28,2022,Verano,11537.62,235,58450
3143290146,1,28,2022,Verano,11938.26,228,50400
3180050301,1,28,2022,Verano,36432.94,882,172200
3143240198,1,28,2022,Verano,65891.02,1333,335089
23990650,1,28,2023,Verano,0,0,0
23990876,1,28,2023,Verano,0,0,0
2309106513,1,28,2023,Verano,0,0,0
5073556,1,28,2023,Verano,2.94,0,8
5070182,1,28,2023,Verano,2.95,0,0
5070279,1,28,2023,Verano,2.95,0,0
5070427,1,28,2023,Verano,2.95,0,0
5070426,1,28,2023,Verano,3.09,0,11
5070428,1,28,2023,Verano,4.6,0,21
5070257,1,28,2023,Verano,7.01,0,37
62086091,1,28,2023,Verano,7.46,0,40
1809126635,1,28,2023,Verano,7.77,0,42
5070258,1,28,2023,Verano,8.07,0,44
5073555,1,28,2023,Verano,8.97,0,50
5073553,1,28,2023,Verano,10.77,0,62
5070260,1,28,2023,Verano,11.23,0,65
14000318,1,28,2023,Verano,13.49,0.12,80
5070259,1,28,2023,Verano,13.64,0,81
712986,1,28,2023,Verano,14.51,0,80
69406118,1,28,2023,Verano,16.2,0.54,98
14100718,1,28,2023,Verano,16.95,0,103
5070425,1,28,2023,Verano,19.82,0,122
14102718,1,28,2023,Verano,21.32,0,132
17846279,1,28,2023,Verano,21.46,2,120
14100720,1,28,2023,Verano,25.24,0,158
5070181,1,28,2023,Verano,30.82,0,195
78800436,1,28,2023,Verano,80.03,4,400
15004519,1,28,2023,Verano,96.38,5.2,480
53064654,1,28,2023,Verano,112.96,3.36,560
3001351,1,28,2023,Verano,425,0,1700
50001054,1,28,2023,Verano,436.53,11.76,1680
13001019,1,28,2023,Verano,619.95,27.52,2240
18792953,1,28,2023,Verano,647.38,43.2,0
17791530,1,28,2023,Verano,662.78,26.88,2027
18792324,1,28,2023,Verano,675,43.4,2700
163806535,1,28,2023,Verano,680.33,27,3000
18792946,1,28,2023,Verano,810.96,39.68,1677
18790336,1,28,2023,Verano,906.71,40.56,2720
13001327,1,28,2023,Verano,1015.28,37.56,3600
170796743,1,28,2023,Verano,1040.98,26,3840
17791158,1,28,2023,Verano,1044.28,58.72,4320
1707900616,1,28,2023,Verano,1308.43,57.28,5280
18792647,1,28,2023,Verano,1413.93,65.84,3598
150549252,1,28,2023,Verano,1520.91,40,5440
13001218,1,28,2023,Verano,1567.12,55.92,5640
17791239,1,28,2023,Verano,2377.62,99,10500
17790969,1,28,2023,Verano,2919.15,94.08,9200
13000875,1,28,2023,Verano,3253.55,112.16,11200
14000987,1,28,2023,Verano,4723.57,159.88,13300
14000888,1,28,2023,Verano,5025.23,172.56,20640
3143290146,1,28,2023,Verano,13139.18,276,51600
3143240218,1,28,2023,Verano,14388.27,249,73850
3180050301,1,28,2023,Verano,43012.46,798,216300
3143240198,1,28,2023,Verano,87307.94,1443,454072
23991862,1,28,2024,Verano,0,0,0
62086091,1,28,2024,Verano,0.82,0,6
5073556,1,28,2024,Verano,0.85,0,4
5070182,1,28,2024,Verano,1.17,0,7
5070181,1,28,2024,Verano,2.57,0,19
712986,1,28,2024,Verano,2.69,0,0
5070427,1,28,2024,Verano,3.37,0,27
627568,1,28,2024,Verano,4.28,0,51
2309106513,1,28,2024,Verano,4.44,0,35
5070428,1,28,2024,Verano,4.79,0,36
14000318,1,28,2024,Verano,5.41,0.08,40
1809126635,1,28,2024,Verano,6.71,0,49
5070258,1,28,2024,Verano,7.61,0,55
5073553,1,28,2024,Verano,7.71,0,56
5073555,1,28,2024,Verano,8.13,0,58
5070426,1,28,2024,Verano,11.37,0,80
5070257,1,28,2024,Verano,11.81,0,83
14100718,1,28,2024,Verano,13.89,0,95
5070259,1,28,2024,Verano,16.11,0,110
14100720,1,28,2024,Verano,17.51,0,113
14102718,1,28,2024,Verano,20.77,0,140
5070425,1,28,2024,Verano,20.8,0,137
69406118,1,28,2024,Verano,22.86,1.01,149
5070260,1,28,2024,Verano,24.2,0,161
17846279,1,28,2024,Verano,34.29,4,160
15004519,1,28,2024,Verano,47.67,2.96,320
78800436,1,28,2024,Verano,50.9,4,240
53064654,1,28,2024,Verano,97.81,4.36,520
3001351,1,28,2024,Verano,499.88,0,2000
18792324,1,28,2024,Verano,799.56,0,3200
50001054,1,28,2024,Verano,858.74,19,2160
13001019,1,28,2024,Verano,1027,24,4160
163806535,1,28,2024,Verano,1157.47,21,3920
18792953,1,28,2024,Verano,1425.73,60.08,2240
18790336,1,28,2024,Verano,1451.35,34,3360
23990650,1,28,2024,Verano,1531.51,33,4080
17791530,1,28,2024,Verano,1580.66,0,6782
170796743,1,28,2024,Verano,1799.93,38,5680
13001218,1,28,2024,Verano,1931.53,53.76,6720
150549252,1,28,2024,Verano,2053.73,40,6760
23990876,1,28,2024,Verano,2077.85,66.72,5920
1707900616,1,28,2024,Verano,2211.63,56.64,8480
17791158,1,28,2024,Verano,2327.39,56,5120
18792647,1,28,2024,Verano,3182.6,61.2,14400
17791239,1,28,2024,Verano,3621.09,75.6,15000
17790969,1,28,2024,Verano,4095.61,127.2,12880
13000875,1,28,2024,Verano,5133.41,114,12640
14000987,1,28,2024,Verano,5879.88,181.3,14560
14000888,1,28,2024,Verano,7014.21,181.68,25920
3143290146,1,28,2024,Verano,15755.03,240,55600
3143240218,1,28,2024,Verano,18036.2,287,75600
3180050301,1,28,2024,Verano,60181.31,1050,245700
3143240198,1,28,2024,Verano,115877.64,1554,508052
184586134,1,31,2025,Verano,-1.35,0,0
627568,1,31,2025,Verano,-0.01,0,24
13001019,1,31,2025,Verano,0,32,3040
15004519,1,31,2025,Verano,0,5,480
62086091,1,31,2025,Verano,1.09,0,0
5070182,1,31,2025,Verano,2.27,0,0
5073556,1,31,2025,Verano,2.92,0,9
14000318,1,31,2025,Verano,3.16,0,0
5070181,1,31,2025,Verano,4.3,0,21
5070427,1,31,2025,Verano,7.29,0,44
1809126635,1,31,2025,Verano,7.87,0,42
5070259,1,31,2025,Verano,7.88,0,45
5070428,1,31,2025,Verano,8.44,0,47
2309106513,1,31,2025,Verano,8.46,0,46
5073553,1,31,2025,Verano,8.71,0,50
5070257,1,31,2025,Verano,8.8,0,50
5070258,1,31,2025,Verano,10.3,0,69
5073555,1,31,2025,Verano,10.94,0,69
14100718,1,31,2025,Verano,12.14,0,71
5070260,1,31,2025,Verano,12.79,0,86
5070426,1,31,2025,Verano,19.12,0,134
218400842,1,31,2025,Verano,21.56,2,135
14102718,1,31,2025,Verano,21.85,0,137
5070425,1,31,2025,Verano,24.12,0,161
14100720,1,31,2025,Verano,32.89,0,212
17846279,1,31,2025,Verano,46.29,1,280
78800436,1,31,2025,Verano,62.08,14,320
53064654,1,31,2025,Verano,101.03,4,560
3001351,1,31,2025,Verano,450,0,1800
18792324,1,31,2025,Verano,700,26,2800
23991862,1,31,2025,Verano,1069.16,34,3200
23990650,1,31,2025,Verano,1072.95,26,3240
163806535,1,31,2025,Verano,1120.79,23,4560
1707900616,1,31,2025,Verano,1196.29,69,0
23992977,1,31,2025,Verano,1354.18,56,2320
13001218,1,31,2025,Verano,1383.54,57,6300
50001054,1,31,2025,Verano,1492.86,19,3540
170796743,1,31,2025,Verano,1520.29,36,5760
18790336,1,31,2025,Verano,1773.93,57,2480
18792647,1,31,2025,Verano,2094.16,76,5040
150549252,1,31,2025,Verano,2205.53,40,9520
23990876,1,31,2025,Verano,2305.26,75,6720
17791158,1,31,2025,Verano,2328.88,69,4480
17790969,1,31,2025,Verano,2497.17,136,1581
17791239,1,31,2025,Verano,2541.2,65,11400
13000875,1,31,2025,Verano,4371.43,111,12160
14000987,1,31,2025,Verano,4551.86,133,12460
14000888,1,31,2025,Verano,6099.56,160,22560
3143290146,1,31,2025,Verano,11867.38,208,50400
3143240218,1,31,2025,Verano,14970.76,266,76300
3180050301,1,31,2025,Verano,55861.54,840,298200
3143240198,1,31,2025,Verano,89609.61,1469,467238
170796743,2,28,2022,Verano,0,0,0
14100718,2,28,2022,Verano,1.38,0,0
5070279,2,28,2022,Verano,1.39,0,0
5070182,2,28,2022,Verano,1.4,0,0
5070260,2,28,2022,Verano,1.4,0,0
5070425,2,28,2022,Verano,1.4,0,0
14100720,2,28,2022,Verano,1.4,0,1
69406118,2,28,2022,Verano,1.44,0,0
14102718,2,28,2022,Verano,1.74,0,13
5070257,2,28,2022,Verano,3.13,0,29
5073556,2,28,2022,Verano,3.79,0,39
14000318,2,28,2022,Verano,3.91,0,40
1809126635,2,28,2022,Verano,3.98,0,41
53064654,2,28,2022,Verano,3.99,2,40
5070428,2,28,2022,Verano,5.57,0,63
5073553,2,28,2022,Verano,6.42,0,72
5073555,2,28,2022,Verano,7.38,0,84
5070259,2,28,2022,Verano,7.79,0,90
5070426,2,28,2022,Verano,8.24,0,95
5070181,2,28,2022,Verano,9.16,0,108
62086091,2,28,2022,Verano,10.97,0,130
5070258,2,28,2022,Verano,14.01,0,169
712986,2,28,2022,Verano,15.23,1,160
5070427,2,28,2022,Verano,20.45,0,249
78800436,2,28,2022,Verano,22.69,3,240
17846279,2,28,2022,Verano,26.44,3,280
15004519,2,28,2022,Verano,46.45,5,320
50001054,2,28,2022,Verano,315.32,15,1980
163806535,2,28,2022,Verano,518.76,26,2280
18790336,2,28,2022,Verano,602.96,18,2640
3001351,2,28,2022,Verano,725,0,2900
13001327,2,28,2022,Verano,857.2,25,3840
17791530,2,28,2022,Verano,901.03,17,3840
13001019,2,28,2022,Verano,967.64,24,3840
144664857,2,28,2022,Verano,1065.99,28,3120
18792953,2,28,2022,Verano,1076.66,54,2240
17791158,2,28,2022,Verano,1135,29,5600
18792946,2,28,2022,Verano,1203.19,40,4000
18792324,2,28,2022,Verano,1275,43,5100
150549252,2,28,2022,Verano,1417.63,30,5560
18792647,2,28,2022,Verano,2038.97,46,8320
1707900616,2,28,2022,Verano,2086.99,75,6560
13001218,2,28,2022,Verano,2346.15,51,9780
17790969,2,28,2022,Verano,2407.68,61,9440
14000987,2,28,2022,Verano,2804.01,55,11200
17791239,2,28,2022,Verano,3215.79,72,12900
13000875,2,28,2022,Verano,3397.76,88,16480
14000888,2,28,2022,Verano,5123.79,113,20880
3143240218,2,28,2022,Verano,11862.83,238,56700
3143290146,2,28,2022,Verano,12798.45,244,51200
3180050301,2,28,2022,Verano,35421.2,777,163800
3143240198,2,28,2022,Verano,68019.16,1395,323010
23990650,2,28,2023,Verano,0,0,0
23990876,2,28,2023,Verano,0,0,0
2309106513,2,28,2023,Verano,0,0,0
5073556,2,28,2023,Verano,2.94,0,7
5070182,2,28,2023,Verano,2.95,0,0
5070279,2,28,2023,Verano,2.95,0,0
5070427,2,28,2023,Verano,2.95,0,0
5070428,2,28,2023,Verano,2.95,0,0
5070426,2,28,2023,Verano,6.23,0,32
62086091,2,28,2023,Verano,6.69,0,35
5070258,2,28,2023,Verano,8.03,0,44
5073553,2,28,2023,Verano,9.23,0,52
1809126635,2,28,2023,Verano,9.38,0,53
5073555,2,28,2023,Verano,11.33,0,66
5070259,2,28,2023,Verano,11.77,0,69
5070257,2,28,2023,Verano,12.23,0,72
5070181,2,28,2023,Verano,14.02,0,84
712986,2,28,2023,Verano,14.78,1,80
14000318,2,28,2023,Verano,19.43,0.12,120
14102718,2,28,2023,Verano,22.27,0,139
69406118,2,28,2023,Verano,24.36,0.54,153
5070425,2,28,2023,Verano,27.22,0,172
14100718,2,28,2023,Verano,29.91,0,190
14100720,2,28,2023,Verano,35.15,0,225
5070260,2,28,2023,Verano,35.3,0,226
78800436,2,28,2023,Verano,43.15,5,240
15004519,2,28,2023,Verano,79.95,4.56,400
17846279,2,28,2023,Verano,81.71,3,400
53064654,2,28,2023,Verano,169.61,2.4,720
163806535,2,28,2023,Verano,585.73,16,2520
50001054,2,28,2023,Verano,694.81,17.64,2760
3001351,2,28,2023,Verano,800.83,0,3200
13001019,2,28,2023,Verano,1022.78,27.52,4480
17791530,2,28,2023,Verano,1029.41,26.88,5760
18792946,2,28,2023,Verano,1086.86,39.68,4320
18792324,2,28,2023,Verano,1201.34,31.7,4800
170796743,2,28,2023,Verano,1242.75,38,3840
150549252,2,28,2023,Verano,1305.1,30,4920
13001327,2,28,2023,Verano,1847.9,38.52,7920
18792953,2,28,2023,Verano,1892.41,43.6,8080
18790336,2,28,2023,Verano,2002.91,43.52,8000
13001218,2,28,2023,Verano,2044.07,55.92,8820
18792647,2,28,2023,Verano,2254.81,73.76,9130
1707900616,2,28,2023,Verano,2314.11,59.04,9440
17791158,2,28,2023,Verano,3093.99,83.84,11520
17791239,2,28,2023,Verano,3207.06,94.2,16200
17790969,2,28,2023,Verano,3428.33,94.08,12240
13000875,2,28,2023,Verano,6060.51,118.4,24640
14000987,2,28,2023,Verano,6554.99,159.88,24920
14000888,2,28,2023,Verano,8104.41,159.14,35760
3143290146,2,28,2023,Verano,13006.97,276,49600
3143240218,2,28,2023,Verano,13462.94,273,63700
3180050301,2,28,2023,Verano,43234,840,207900
3143240198,2,28,2023,Verano,85700.23,1448,429737
23991862,2,28,2024,Verano,0,0,0
712986,2,28,2024,Verano,1.26,0,0
62086091,2,28,2024,Verano,1.28,0,0
627568,2,28,2024,Verano,2.11,0,16
5073556,2,28,2024,Verano,2.11,0,16
5070182,2,28,2024,Verano,2.26,0,17
2309106513,2,28,2024,Verano,4.11,0,30
5070428,2,28,2024,Verano,5.4,0,39
14000318,2,28,2024,Verano,5.54,0,40
1809126635,2,28,2024,Verano,5.82,0,42
5070427,2,28,2024,Verano,6.26,0,45
5073553,2,28,2024,Verano,7.12,0,51
5070258,2,28,2024,Verano,7.97,0,57
5070257,2,28,2024,Verano,10.55,0,75
5073555,2,28,2024,Verano,12.55,0,89
5070181,2,28,2024,Verano,12.84,0,91
5070259,2,28,2024,Verano,13.13,0,93
5070426,2,28,2024,Verano,14.41,0,102
69406118,2,28,2024,Verano,18.13,0,128
14100718,2,28,2024,Verano,19.42,0,137
14102718,2,28,2024,Verano,23,0,162
14100720,2,28,2024,Verano,25.43,0,179
5070425,2,28,2024,Verano,26.15,0,184
5070260,2,28,2024,Verano,27.86,0,196
17846279,2,28,2024,Verano,43.22,2,200
15004519,2,28,2024,Verano,46.92,0,320
78800436,2,28,2024,Verano,112.68,11,480
53064654,2,28,2024,Verano,122.69,0,680
3001351,2,28,2024,Verano,800,0,3200
50001054,2,28,2024,Verano,1087.36,20,3420
163806535,2,28,2024,Verano,1103.97,20,3680
18792324,2,28,2024,Verano,1150,0,4600
150549252,2,28,2024,Verano,1427.26,4,6560
17791530,2,28,2024,Verano,1544.26,33,7008
13001019,2,28,2024,Verano,1578.39,37,6720
18792953,2,28,2024,Verano,1583.79,60,3760
170796743,2,28,2024,Verano,1783.33,38,5520
18790336,2,28,2024,Verano,2098.47,39,6560
23990650,2,28,2024,Verano,2255.02,34,8280
13001218,2,28,2024,Verano,2319.92,54,9960
18792647,2,28,2024,Verano,2494.05,61,10320
1707900616,2,28,2024,Verano,2499.22,63,10080
23990876,2,28,2024,Verano,2680.7,67,10880
17791239,2,28,2024,Verano,3762.08,78,17100
17791158,2,28,2024,Verano,4007.75,74,12480
17790969,2,28,2024,Verano,4175.94,127,13840
14000987,2,28,2024,Verano,7109.1,181,24080
13000875,2,28,2024,Verano,8324.75,141,27200
14000888,2,28,2024,Verano,8601.58,205,34800
3143290146,2,28,2024,Verano,14777.82,276,47600
3143240218,2,28,2024,Verano,17096.72,280,70000
3180050301,2,28,2024,Verano,63916.61,978,266700
3143240198,2,28,2024,Verano,110083.41,1661,467808
170796743,3,28,2022,1er semestre,0,0,0
5070182,3,28,2022,1er semestre,1.38,0,0
5070260,3,28,2022,1er semestre,1.38,0,0
5070279,3,28,2022,1er semestre,1.38,0,0
5070425,3,28,2022,1er semestre,1.38,0,0
69406118,3,28,2022,1er semestre,1.38,0,2
14100718,3,28,2022,1er semestre,1.39,0,4
14100720,3,28,2022,1er semestre,1.39,0,4
5073556,3,28,2022,1er semestre,3.06,0,31
1809126635,3,28,2022,1er semestre,3.52,0,37
14000318,3,28,2022,1er semestre,3.76,0,40
62086091,3,28,2022,1er semestre,3.84,0,41
5070257,3,28,2022,1er semestre,4.79,0,53
5070428,3,28,2022,1er semestre,5.7,0,66
14102718,3,28,2022,1er semestre,5.93,0,69
5070181,3,28,2022,1er semestre,6.7,0,79
5073553,3,28,2022,1er semestre,7.09,0,84
5070426,3,28,2022,1er semestre,7.24,0,86
5073555,3,28,2022,1er semestre,8.01,0,96
5070259,3,28,2022,1er semestre,8.23,0,99
53064654,3,28,2022,1er semestre,9.84,2,120
5070258,3,28,2022,1er semestre,14.89,0,186
712986,3,28,2022,1er semestre,15.06,0,160
78800436,3,28,2022,1er semestre,15.06,4,160
17846279,3,28,2022,1er semestre,18.99,2,200
5070427,3,28,2022,1er semestre,22.83,0,290
15004519,3,28,2022,1er semestre,56.06,4,400
50001054,3,28,2022,1er semestre,292.01,19,2460
18790336,3,28,2022,1er semestre,713.84,23,2960
3001351,3,28,2022,1er semestre,750.8,0,3400
13001327,3,28,2022,1er semestre,771.74,22,4320
163806535,3,28,2022,1er semestre,831.77,40,3520
17791530,3,28,2022,1er semestre,850.6,20,3520
13001019,3,28,2022,1er semestre,895.047,21,3680
17791158,3,28,2022,1er semestre,1149.15,34,5920
18792946,3,28,2022,1er semestre,1183.28,40,4000
18792953,3,28,2022,1er semestre,1197.51,54,3040
18792324,3,28,2022,1er semestre,1376.85,52,5500
144664857,3,28,2022,1er semestre,1435.55,38,4400
150549252,3,28,2022,1er semestre,1705.19,31,6880
18792647,3,28,2022,1er semestre,2151.16,59,8320
1707900616,3,28,2022,1er semestre,2330.998,69,8640
13001218,3,28,2022,1er semestre,2407.31,63,9540
17790969,3,28,2022,1er semestre,3142.18,94,11520
17791239,3,28,2022,1er semestre,3876.59,87,16200
13000875,3,28,2022,1er semestre,3892.85,104,19360
14000987,3,28,2022,1er semestre,3912.08,177.38,14560
14000888,3,28,2022,1er semestre,6842.68,197,25200
3143240218,3,28,2022,1er semestre,13349.23,242,63700
3143290146,3,28,2022,1er semestre,13990.9,244,55600
3180050301,3,28,2022,1er semestre,40391.6,861,180600
3143240198,3,28,2022,1er semestre,88986.99,1489,430984
23990650,3,28,2023,1er semestre,0,0,0
23990876,3,28,2023,1er semestre,0,0,0
2309106513,3,28,2023,1er semestre,0,0,0
5070279,3,28,2023,1er semestre,3.02,0,0
5070427,3,28,2023,1er semestre,3.02,0,0
62086091,3,28,2023,1er semestre,3.15,0,0
5070182,3,28,2023,1er semestre,3.21,0,0
5073556,3,28,2023,1er semestre,4.2,0,18
5070426,3,28,2023,1er semestre,6.26,0,31
5070258,3,28,2023,1er semestre,7.55,0,40
1809126635,3,28,2023,1er semestre,8.41,0,46
5070428,3,28,2023,1er semestre,9.71,0,55
5073553,3,28,2023,1er semestre,10.04,0,56
5070181,3,28,2023,1er semestre,11.9,0,68
5073555,3,28,2023,1er semestre,12.26,0,71
14000318,3,28,2023,1er semestre,13.47,0.12,80
5070257,3,28,2023,1er semestre,14.08,0,83
14100718,3,28,2023,1er semestre,21.06,0,128
5070259,3,28,2023,1er semestre,21.25,0,132
14102718,3,28,2023,1er semestre,22.78,0,142
69406118,3,28,2023,1er semestre,26.35,0.54,166
5070425,3,28,2023,1er semestre,27.36,0,170
14100720,3,28,2023,1er semestre,31.05,0,192
5070260,3,28,2023,1er semestre,31.82,0,199
712986,3,28,2023,1er semestre,35.35,1,200
17846279,3,28,2023,1er semestre,42.29,2,240
78800436,3,28,2023,1er semestre,64.16,5,320
15004519,3,28,2023,1er semestre,79.88,5.28,400
53064654,3,28,2023,1er semestre,137.81,2.4,680
3001351,3,28,2023,1er semestre,701.46,0,2800
50001054,3,28,2023,1er semestre,771.43,18.96,3000
163806535,3,28,2023,1er semestre,933.92,52,4210
18792324,3,28,2023,1er semestre,1076.99,52.1,4300
13001019,3,28,2023,1er semestre,1116.62,31.2,4800
18792946,3,28,2023,1er semestre,1247.55,39.68,4480
17791530,3,28,2023,1er semestre,1410.68,25.92,7040
18790336,3,28,2023,1er semestre,1531.57,44.8,5680
18792953,3,28,2023,1er semestre,1624.28,53.92,7200
150549252,3,28,2023,1er semestre,1639.84,33,6760
170796743,3,28,2023,1er semestre,1763.67,48,6160
18792647,3,28,2023,1er semestre,1887.26,68.8,8400
13001327,3,28,2023,1er semestre,1928.45,37.08,8400
13001218,3,28,2023,1er semestre,1938.2,62.88,8880
1707900616,3,28,2023,1er semestre,2326.43,75.2,8960
17791158,3,28,2023,1er semestre,2965.84,89.12,11840
17791239,3,28,2023,1er semestre,3096.34,91.8,14489
17790969,3,28,2023,1er semestre,3656.68,94.08,14160
14000987,3,28,2023,1er semestre,5051.93,159.88,20720
13000875,3,28,2023,1er semestre,6087.97,146.4,24640
14000888,3,28,2023,1er semestre,7374.05,179.52,31680
3143290146,3,28,2023,1er semestre,14463.07,252,60800
3143240218,3,28,2023,1er semestre,15610.51,280,79100
3180050301,3,28,2023,1er semestre,54571.64,924,281400
3143240198,3,28,2023,1er semestre,103629.17,1585,548387
5070182,3,28,2024,1er semestre,2.08,0,16
62086091,3,28,2024,1er semestre,2.22,0,17
712986,3,28,2024,1er semestre,2.47,0,0
5070427,3,28,2024,1er semestre,2.93,0,22
627568,3,28,2024,1er semestre,3.22,0,24
5070258,3,28,2024,1er semestre,3.35,0,25
5073556,3,28,2024,1er semestre,3.36,0,27
5070259,3,28,2024,1er semestre,5.03,0,37
14000318,3,28,2024,1er semestre,5.46,0.12,40
1809126635,3,28,2024,1er semestre,5.6,0,41
2309106513,3,28,2024,1er semestre,6.51,0,47
5070181,3,28,2024,1er semestre,6.87,0,50
5073553,3,28,2024,1er semestre,7.01,0,51
5073555,3,28,2024,1er semestre,9.55,0,69
5070428,3,28,2024,1er semestre,10.25,0,74
5070426,3,28,2024,1er semestre,15.19,0,109
5070257,3,28,2024,1er semestre,16.04,0,115
14100718,3,28,2024,1er semestre,16.87,0,121
69406118,3,28,2024,1er semestre,20.54,1.25,147
14102718,3,28,2024,1er semestre,23.78,0,170
5070425,3,28,2024,1er semestre,26.32,0,188
5070260,3,28,2024,1er semestre,30.27,0,216
14100720,3,28,2024,1er semestre,30.69,0,219
17846279,3,28,2024,1er semestre,49.48,240,240
15004519,3,28,2024,1er semestre,96.78,4.64,560
53064654,3,28,2024,1er semestre,121.25,4.36,680
78800436,3,28,2024,1er semestre,153.13,15,640
3001351,3,28,2024,1er semestre,752.21,0,3000
18792324,3,28,2024,1er semestre,1127.97,34.2,4500
50001054,3,28,2024,1er semestre,1244.16,22.2,4200
13001019,3,28,2024,1er semestre,1524.35,37.92,6240
18792953,3,28,2024,1er semestre,1534.38,60.08,3120
18790336,3,28,2024,1er semestre,2009.73,38.24,6400
163806535,3,28,2024,1er semestre,2156.32,60,5800
23990650,3,28,2024,1er semestre,2207.93,33.96,8280
150549252,3,28,2024,1er semestre,2214.59,40,7800
170796743,3,28,2024,1er semestre,2445.81,62,7120
18792647,3,28,2024,1er semestre,2542.5,58.8,10960
13001218,3,28,2024,1er semestre,2662.5,61.92,11460
23990876,3,28,2024,1er semestre,2794.54,66.72,11520
1707900616,3,28,2024,1er semestre,3349.75,87.84,12960
17791158,3,28,2024,1er semestre,3606.98,72.48,10720
17791239,3,28,2024,1er semestre,4212.68,70.2,21300
17790969,3,28,2024,1er semestre,4952.87,127.2,19280
14000987,3,28,2024,1er semestre,6757.89,181.3,21700
13000875,3,28,2024,1er semestre,8027.04,134.24,27200
14000888,3,28,2024,1er semestre,10751.32,263.28,42480
3143290146,3,28,2024,1er semestre,15089.14,232,54800
3143240218,3,28,2024,1er semestre,18047.74,284,78750
3180050301,3,28,2024,1er semestre,70657.87,1008,317100
3143240198,3,28,2024,1er semestre,122722.35,1772,549991
170796743,4,28,2022,1er semestre,0,0,0
712986,4,28,2022,1er semestre,1.17,0,0
5070182,4,28,2022,1er semestre,1.39,0,2
5070279,4,28,2022,1er semestre,1.39,0,1
69406118,4,28,2022,1er semestre,1.39,1,3
14102718,4,28,2022,1er semestre,2.21,0,20
5073556,4,28,2022,1er semestre,3.46,0,36
14000318,4,28,2022,1er semestre,3.77,0,40
1809126635,4,28,2022,1er semestre,3.92,0,42
5070425,4,28,2022,1er semestre,4.29,0,47
5070428,4,28,2022,1er semestre,4.44,0,49
5073553,4,28,2022,1er semestre,6.56,0,77
14100720,4,28,2022,1er semestre,6.56,0,78
14100718,4,28,2022,1er semestre,7.03,0,84
5070259,4,28,2022,1er semestre,7.47,0,89
62086091,4,28,2022,1er semestre,8.09,0,97
5073555,4,28,2022,1er semestre,8.18,0,98
5070257,4,28,2022,1er semestre,8.51,0,103
5070181,4,28,2022,1er semestre,9.07,0,110
5070260,4,28,2022,1er semestre,11.88,0,148
5070426,4,28,2022,1er semestre,13.29,0,166
5070258,4,28,2022,1er semestre,14.99,0,188
53064654,4,28,2022,1er semestre,18.88,2,240
5070427,4,28,2022,1er semestre,21.65,0,272
15004519,4,28,2022,1er semestre,55.51,5,400
78800436,4,28,2022,1er semestre,65.41,4,400
17846279,4,28,2022,1er semestre,92.03,4,560
50001054,4,28,2022,1er semestre,544.76,19,3420
3001351,4,28,2022,1er semestre,1125.85,0,4500
13001019,4,28,2022,1er semestre,1197.97,31,4800
163806535,4,28,2022,1er semestre,1252.23,42,5080
18792946,4,28,2022,1er semestre,1504.85,40,5920
17791530,4,28,2022,1er semestre,1558.8,26,7360
18792324,4,28,2022,1er semestre,1601.5,52,6400
144664857,4,28,2022,1er semestre,1703.61,36,6160
13001327,4,28,2022,1er semestre,1765.77,37,9600
18790336,4,28,2022,1er semestre,1803.71,45,9040
150549252,4,28,2022,1er semestre,2001.83,37,7680
18792953,4,28,2022,1er semestre,2004.81,54,7840
13001218,4,28,2022,1er semestre,2186.25,63,8280
1707900616,4,28,2022,1er semestre,3052.63,75,12480
18792647,4,28,2022,1er semestre,3083.39,69,13120
17791158,4,28,2022,1er semestre,3144.54,89,14720
17790969,4,28,2022,1er semestre,3723.587,94,14960
17791239,4,28,2022,1er semestre,4565.65,92,19800
13000875,4,28,2022,1er semestre,5908.65,146,30080
14000987,4,28,2022,1er semestre,7899.95,163,32200
14000888,4,28,2022,1er semestre,7967.33,180,32880
3143240218,4,28,2022,1er semestre,13584.59,242,61250
3143290146,4,28,2022,1er semestre,13972.4,248,52800
3180050301,4,28,2022,1er semestre,45865.52,861,203700
3143240198,4,28,2022,1er semestre,100027.33,1516,472086
23990650,4,28,2023,1er semestre,0,0,0
23990876,4,28,2023,1er semestre,0,0,0
2309106513,4,28,2023,1er semestre,0,0,0
5073556,4,28,2023,1er semestre,2.91,0,10
5070279,4,28,2023,1er semestre,2.93,0,4
5070182,4,28,2023,1er semestre,2.95,0,0
62086091,4,28,2023,1er semestre,2.95,0,0
5070428,4,28,2023,1er semestre,6.75,0,36
14000318,4,28,2023,1er semestre,7.33,0.2,40
5070426,4,28,2023,1er semestre,8.66,0,49
5073553,4,28,2023,1er semestre,8.66,0,49
1809126635,4,28,2023,1er semestre,8.81,0,50
5070258,4,28,2023,1er semestre,8.96,0,51
5070427,4,28,2023,1er semestre,9.95,0,0
5073555,4,28,2023,1er semestre,12.35,0,74
5070181,4,28,2023,1er semestre,13.82,0,84
5070257,4,28,2023,1er semestre,14.7,0,90
14100718,4,28,2023,1er semestre,18.83,0,118
5070259,4,28,2023,1er semestre,23.85,0,152
14102718,4,28,2023,1er semestre,26.51,0,170
712986,4,28,2023,1er semestre,28.4,0,160
5070260,4,28,2023,1er semestre,28.72,0,185
5070425,4,28,2023,1er semestre,32.84,0,213
14100720,4,28,2023,1er semestre,33.28,0,216
69406118,4,28,2023,1er semestre,39.33,1.24,257
17846279,4,28,2023,1er semestre,42.76,2,240
78800436,4,28,2023,1er semestre,97.31,6,480
15004519,4,28,2023,1er semestre,141.57,6.08,720
53064654,4,28,2023,1er semestre,183.26,3.6,800
3001351,4,28,2023,1er semestre,800,0,3200
50001054,4,28,2023,1er semestre,905.24,19.5,3720
17791530,4,28,2023,1er semestre,958.4,17,4997
13001019,4,28,2023,1er semestre,1121.91,30.4,4960
18792324,4,28,2023,1er semestre,1300,37.4,5200
163806535,4,28,2023,1er semestre,1626.57,55,7040
18792953,4,28,2023,1er semestre,1955.63,57.44,8320
150549252,4,28,2023,1er semestre,2072.72,37,8800
18792946,4,28,2023,1er semestre,2131.88,47.68,10240
13001327,4,28,2023,1er semestre,2242.82,48,9480
13001218,4,28,2023,1er semestre,2441.48,60.96,11160
18790336,4,28,2023,1er semestre,2589.42,59.6,10320
170796743,4,28,2023,1er semestre,2685.17,61,10240
18792647,4,28,2023,1er semestre,2902.93,69.04,13360
17791239,4,28,2023,1er semestre,3728.77,73.8,18211
1707900616,4,28,2023,1er semestre,3917.21,81.76,18880
17791158,4,28,2023,1er semestre,4287.86,101.44,16480
17790969,4,28,2023,1er semestre,5018.61,117.04,23040
14000987,4,28,2023,1er semestre,7575.36,191,31360
13000875,4,28,2023,1er semestre,8036.72,160.32,33920
14000888,4,28,2023,1er semestre,12434.99,252.24,57120
3143290146,4,28,2023,1er semestre,14355.73,276,57200
3143240218,4,28,2023,1er semestre,15555.94,298,75600
3180050301,4,28,2023,1er semestre,52767.42,924,262500
3143240198,4,28,2023,1er semestre,106843.37,1745,542284
627568,4,28,2024,1er semestre,1.23,0,10
5070182,4,28,2024,1er semestre,1.38,0,0
62086091,4,28,2024,1er semestre,1.4,0,0
5070181,4,28,2024,1er semestre,1.78,0,0
712986,4,28,2024,1er semestre,2.12,0,0
5073556,4,28,2024,1er semestre,2.47,0,18
2309106513,4,28,2024,1er semestre,3.95,0,28
1809126635,4,28,2024,1er semestre,5.01,0,35
14000318,4,28,2024,1er semestre,5.68,0,40
5073553,4,28,2024,1er semestre,7.55,0,53
5073555,4,28,2024,1er semestre,11.31,0,79
5070258,4,28,2024,1er semestre,13.88,0,97
5070428,4,28,2024,1er semestre,16.97,0,121
14100718,4,28,2024,1er semestre,17.39,0,120
5070257,4,28,2024,1er semestre,19.22,0,135
5070427,4,28,2024,1er semestre,21.65,0,153
14102718,4,28,2024,1er semestre,23.67,0,164
5070259,4,28,2024,1er semestre,23.71,0,164
5070426,4,28,2024,1er semestre,24.53,0,172
69406118,4,28,2024,1er semestre,25.65,0,176
5070425,4,28,2024,1er semestre,28.33,0,195
14100720,4,28,2024,1er semestre,31.09,0,211
5070260,4,28,2024,1er semestre,38.41,0,267
17846279,4,28,2024,1er semestre,64.62,3,320
15004519,4,28,2024,1er semestre,112.48,0,640
53064654,4,28,2024,1er semestre,124.05,0,668
78800436,4,28,2024,1er semestre,128.04,15,560
3001351,4,28,2024,1er semestre,1050,0,4200
13001019,4,28,2024,1er semestre,1489.84,35,6400
50001054,4,28,2024,1er semestre,1570.86,26,5760
18792324,4,28,2024,1er semestre,1725,0,6900
23991862,4,28,2024,1er semestre,1816.68,34,8960
150549252,4,28,2024,1er semestre,2384.1,22,10560
23990650,4,28,2024,1er semestre,2784.89,40,11160
18792953,4,28,2024,1er semestre,2819.48,64,12320
170796743,4,28,2024,1er semestre,2963.19,67,9680
163806535,4,28,2024,1er semestre,2987.4,69,9600
18790336,4,28,2024,1er semestre,3058.36,53,10800
13001218,4,28,2024,1er semestre,3364.36,79,14340
23990876,4,28,2024,1er semestre,3438.48,72,15680
18792647,4,28,2024,1er semestre,3740.71,78,16800
1707900616,4,28,2024,1er semestre,4458.14,93,20480
17791239,4,28,2024,1er semestre,4569.18,82,21900
17790969,4,28,2024,1er semestre,5734.43,127,25280
17791158,4,28,2024,1er semestre,6044.39,113,19520
13000875,4,28,2024,1er semestre,10673.39,168,38560
14000987,4,28,2024,1er semestre,10834.69,207,46760
14000888,4,28,2024,1er semestre,13267.46,257,59040
3143290146,4,28,2024,1er semestre,15085.16,244,56000
3143240218,4,28,2024,1er semestre,18792.81,298,85050
3180050301,4,28,2024,1er semestre,71790.34,1029,333900
3143240198,4,28,2024,1er semestre,127071.27,1772,597023
170796743,5,28,2022,1er semestre,0,0,0
712986,5,28,2022,1er semestre,2.1,0,0
5070279,5,28,2022,1er semestre,2.56,0,0
69406118,5,28,2022,1er semestre,2.56,0,0
5070182,5,28,2022,1er semestre,2.57,0,2
5070428,5,28,2022,1er semestre,2.58,0,7
5073556,5,28,2022,1er semestre,4.93,0,26
14102718,5,28,2022,1er semestre,4.93,0,26
1809126635,5,28,2022,1er semestre,6.24,0,35
5070425,5,28,2022,1er semestre,6.63,0,36
14000318,5,28,2022,1er semestre,6.95,0.12,40
5073553,5,28,2022,1er semestre,11.29,0,79
5073555,5,28,2022,1er semestre,12.04,0,101
5070181,5,28,2022,1er semestre,12.82,0,108
5070259,5,28,2022,1er semestre,12.86,0,91
5070257,5,28,2022,1er semestre,12.92,0,92
62086091,5,28,2022,1er semestre,13.76,0,98
14100718,5,28,2022,1er semestre,14.26,0,122
5070258,5,28,2022,1er semestre,16.79,0,144
5070426,5,28,2022,1er semestre,16.86,0,145
14100720,5,28,2022,1er semestre,20.44,0,178
5070427,5,28,2022,1er semestre,22.76,0,197
17846279,5,28,2022,1er semestre,28.15,2,160
5070260,5,28,2022,1er semestre,28.61,0,252
53064654,5,28,2022,1er semestre,52.04,2.36,360
78800436,5,28,2022,1er semestre,56.32,6,320
15004519,5,28,2022,1er semestre,69.44,5,480
50001054,5,28,2022,1er semestre,595.2,18,2220
163806535,5,28,2022,1er semestre,834.29,4,3160
3001351,5,28,2022,1er semestre,1050,0,4200
13001019,5,28,2022,1er semestre,1241.13,20.64,5120
144664857,5,28,2022,1er semestre,1276.71,34,3760
18792324,5,28,2022,1er semestre,1475,32,5900
17791530,5,28,2022,1er semestre,1504.68,26.88,6720
18792946,5,28,2022,1er semestre,1530.22,39.68,5920
150549252,5,28,2022,1er semestre,1624.32,32,5640
18792953,5,28,2022,1er semestre,1842.9,47.76,7440
18790336,5,28,2022,1er semestre,2070.09,44,7440
13001327,5,28,2022,1er semestre,2173.36,39,8640
1707900616,5,28,2022,1er semestre,2820.12,59,11840
18792647,5,28,2022,1er semestre,2964.08,74,11680
13001218,5,28,2022,1er semestre,3352.43,56,15000
17791158,5,28,2022,1er semestre,3703.86,84,12640
17790969,5,28,2022,1er semestre,3794.82,94,14800
17791239,5,28,2022,1er semestre,5143.39,95.06,22200
13000875,5,28,2022,1er semestre,6326.51,118,24000
14000888,5,28,2022,1er semestre,7075.96,159,28390
14000987,5,28,2022,1er semestre,7929.2,160,31500
3143240218,5,28,2022,1er semestre,14677,238,63000
3143290146,5,28,2022,1er semestre,15665.83,276,55600
3180050301,5,28,2022,1er semestre,54821.91,924,233100
3143240198,5,28,2022,1er semestre,113429.39,1533,508943
23990650,5,28,2023,1er semestre,0,0,0
23990876,5,28,2023,1er semestre,0,0,0
2309106513,5,28,2023,1er semestre,0,0,0
5070279,5,28,2023,1er semestre,2.98,0,1
5070427,5,28,2023,1er semestre,2.99,0,0
62086091,5,28,2023,1er semestre,3.05,0,0
5070182,5,28,2023,1er semestre,3.53,0,14
5073556,5,28,2023,1er semestre,4.7,0,22
5070428,5,28,2023,1er semestre,5.04,0,24
14000318,5,28,2023,1er semestre,7.39,0.08,40
1809126635,5,28,2023,1er semestre,8.41,0,47
5073553,5,28,2023,1er semestre,8.77,0,49
5070258,5,28,2023,1er semestre,11.05,0,65
5073555,5,28,2023,1er semestre,12.26,0,73
5070257,5,28,2023,1er semestre,15.05,0,92
5070426,5,28,2023,1er semestre,15.16,0,93
5070181,5,28,2023,1er semestre,17.58,0,109
712986,5,28,2023,1er semestre,22.11,1,120
5070259,5,28,2023,1er semestre,23.24,0,148
14100718,5,28,2023,1er semestre,23.82,0,151
14102718,5,28,2023,1er semestre,28.39,0,183
5070425,5,28,2023,1er semestre,32.13,0,207
17846279,5,28,2023,1er semestre,43.59,3,240
5070260,5,28,2023,1er semestre,44.86,0,294
69406118,5,28,2023,1er semestre,62.84,1.61,322
14100720,5,28,2023,1er semestre,67.9,0,347
15004519,5,28,2023,1er semestre,109.35,6.16,560
78800436,5,28,2023,1er semestre,187.84,10,800
53064654,5,28,2023,1er semestre,236.87,4.24,1040
50001054,5,28,2023,1er semestre,962.83,19.8,4140
3001351,5,28,2023,1er semestre,1102.19,0,4400
13001019,5,28,2023,1er semestre,1189.06,30.72,5440
18792324,5,28,2023,1er semestre,1828.47,44.2,7300
17791530,5,28,2023,1er semestre,1897.31,33,10043
163806535,5,28,2023,1er semestre,1924.63,64,8200
18792953,5,28,2023,1er semestre,2547.31,57.6,12160
18792946,5,28,2023,1er semestre,2619.05,56.64,12800
150549252,5,28,2023,1er semestre,2655.56,46,11200
13001327,5,28,2023,1er semestre,2718.25,50.16,12360
13001218,5,28,2023,1er semestre,2964.23,70.98,13980
18790336,5,28,2023,1er semestre,3031.82,56.08,13840
170796743,5,28,2023,1er semestre,3388.3,68,13440
18792647,5,28,2023,1er semestre,3409.56,73.28,16800
17791239,5,28,2023,1er semestre,4064.3,76.2,20400
1707900616,5,28,2023,1er semestre,4299.05,92.64,20960
17791158,5,28,2023,1er semestre,5189.97,106.72,21920
17790969,5,28,2023,1er semestre,5459.45,127.2,25680
13000875,5,28,2023,1er semestre,9727.88,183.36,42240
14000987,5,28,2023,1er semestre,10738.53,204,51520
14000888,5,28,2023,1er semestre,12178.62,246.72,56880
3143290146,5,28,2023,1er semestre,15836.19,276,64400
3143240218,5,28,2023,1er semestre,17430.66,308,85400
3180050301,5,28,2023,1er semestre,61956.92,924,317100
3143240198,5,28,2023,1er semestre,119873.32,1742,617392
62086091,5,28,2024,1er semestre,0.67,0,0
5070181,5,28,2024,1er semestre,0.72,0,0
5070182,5,28,2024,1er semestre,1.2,0,14
627568,5,28,2024,1er semestre,1.49,0,16
712986,5,28,2024,1er semestre,2.6,0,0
2309106513,5,28,2024,1er semestre,3.31,0,29
5073556,5,28,2024,1er semestre,3.74,0,32
14000318,5,28,2024,1er semestre,4.86,0,40
1809126635,5,28,2024,1er semestre,4.86,0,40
5073553,5,28,2024,1er semestre,7.38,0,58
5073555,5,28,2024,1er semestre,10.62,0,81
5070428,5,28,2024,1er semestre,11.03,0,84
5070258,5,28,2024,1er semestre,12.86,0,97
14100718,5,28,2024,1er semestre,15.66,0,117
5070257,5,28,2024,1er semestre,18.62,0,138
14102718,5,28,2024,1er semestre,20.58,0,152
69406118,5,28,2024,1er semestre,21.14,0,156
5070426,5,28,2024,1er semestre,23.81,0,175
14100720,5,28,2024,1er semestre,25.49,0,187
5070259,5,28,2024,1er semestre,25.64,0,188
5070425,5,28,2024,1er semestre,27.04,0,198
5070427,5,28,2024,1er semestre,29.71,0,217
5070260,5,28,2024,1er semestre,32.65,0,238
17846279,5,28,2024,1er semestre,48.1,2,240
15004519,5,28,2024,1er semestre,129.45,0,720
53064654,5,28,2024,1er semestre,141.63,0,772
78800436,5,28,2024,1er semestre,149.67,14,640
3001351,5,28,2024,1er semestre,1223.94,0,4900
13001019,5,28,2024,1er semestre,1382.39,32,6080
50001054,5,28,2024,1er semestre,1625.91,26,6120
18792324,5,28,2024,1er semestre,1823.94,0,7300
23991862,5,28,2024,1er semestre,1882.92,34,9600
150549252,5,28,2024,1er semestre,2888.29,40,11600
163806535,5,28,2024,1er semestre,2912.39,64,9640
18792953,5,28,2024,1er semestre,2964.68,63,13680
23990650,5,28,2024,1er semestre,3003.11,47,11400
170796743,5,28,2024,1er semestre,3071.39,64,10480
18790336,5,28,2024,1er semestre,3294.5,55,11920
13001218,5,28,2024,1er semestre,3368.19,80,14400
23990876,5,28,2024,1er semestre,3447.47,72,16000
18792647,5,28,2024,1er semestre,3769.98,77,17680
17791239,5,28,2024,1er semestre,4320.17,82,21000
1707900616,5,28,2024,1er semestre,4436.4,94,20160
17790969,5,28,2024,1er semestre,5785.96,136,24400
17791158,5,28,2024,1er semestre,6255.39,113,20800
14000987,5,28,2024,1er semestre,10707.11,207,46340
13000875,5,28,2024,1er semestre,11267.92,174,41120
14000888,5,28,2024,1er semestre,12420.6,235,56400
3143290146,5,28,2024,1er semestre,14129.86,224,52800
3143240218,5,28,2024,1er semestre,18798.47,291,85750
3180050301,5,28,2024,1er semestre,72446.95,1029,338100
3143240198,5,28,2024,1er semestre,130381.03,1709,621182
170796743,6,28,2022,1er semestre,0,0,0
712986,6,28,2022,1er semestre,2.28,0,0
5070279,6,28,2022,1er semestre,2.54,0,0
69406118,6,28,2022,1er semestre,2.55,1,0
5070182,6,28,2022,1er semestre,2.56,0,3
5070425,6,28,2022,1er semestre,2.56,0,2
5070428,6,28,2022,1er semestre,3.71,0,17
5073556,6,28,2022,1er semestre,5.3,0,28
1809126635,6,28,2022,1er semestre,6.31,0,35
14000318,6,28,2022,1er semestre,7.06,0.48,40
14102718,6,28,2022,1er semestre,7.34,0,42
5070258,6,28,2022,1er semestre,8.45,0,55
5070257,6,28,2022,1er semestre,12.33,0,86
5073553,6,28,2022,1er semestre,12.78,0,89
62086091,6,28,2022,1er semestre,13.59,0,95
5070259,6,28,2022,1er semestre,13.85,0,97
5073555,6,28,2022,1er semestre,13.98,0,98
5070181,6,28,2022,1er semestre,14.16,0,118
5070426,6,28,2022,1er semestre,15.5,0,130
5070260,6,28,2022,1er semestre,22.44,0,193
14100718,6,28,2022,1er semestre,26.47,0,229
14100720,6,28,2022,1er semestre,27.37,0,237
5070427,6,28,2022,1er semestre,28.62,0,245
17846279,6,28,2022,1er semestre,31.41,2,160
53064654,6,28,2022,1er semestre,77.18,3,520
15004519,6,28,2022,1er semestre,95,5,640
78800436,6,28,2022,1er semestre,163.97,6,720
50001054,6,28,2022,1er semestre,583.58,12,2100
13001019,6,28,2022,1er semestre,1191.31,28,4640
163806535,6,28,2022,1er semestre,1280.75,36,4840
3001351,6,28,2022,1er semestre,1352.26,0,5400
17791530,6,28,2022,1er semestre,1724.33,27,7680
18792324,6,28,2022,1er semestre,1754.15,43,7000
18792946,6,28,2022,1er semestre,1780.75,40,7040
150549252,6,28,2022,1er semestre,1784.01,29,6680
144664857,6,28,2022,1er semestre,1820.72,34,6480
18790336,6,28,2022,1er semestre,2048.4,41,7600
18792953,6,28,2022,1er semestre,2121.23,43,8800
13001327,6,28,2022,1er semestre,2210.3,38,8880
13001218,6,28,2022,1er semestre,2562.81,56,10380
1707900616,6,28,2022,1er semestre,2636.07,57,10720
17791158,6,28,2022,1er semestre,3218.35,59,12480
18792647,6,28,2022,1er semestre,3256.26,71.28,13280
17790969,6,28,2022,1er semestre,3429.27,94,12480
17791239,6,28,2022,1er semestre,5437.64,99,22800
13000875,6,28,2022,1er semestre,6316.31,112,24480
14000987,6,28,2022,1er semestre,7834.47,160,30240
14000888,6,28,2022,1er semestre,10837.81,173,46010
3143240218,6,28,2022,1er semestre,13910.03,224,59500
3143290146,6,28,2022,1er semestre,14876.12,276,51600
3180050301,6,28,2022,1er semestre,54720.8,840,237300
3143240198,6,28,2022,1er semestre,112899.8,1468,508118
23990650,6,28,2023,1er semestre,0,0,0
23990876,6,28,2023,1er semestre,0,0,0
2309106513,6,28,2023,1er semestre,0,0,0
5070279,6,28,2023,1er semestre,2.95,0,0
5070427,6,28,2023,1er semestre,2.95,0,0
62086091,6,28,2023,1er semestre,2.95,0,0
5073556,6,28,2023,1er semestre,3.99,0,18
5070258,6,28,2023,1er semestre,6.97,0,39
14000318,6,28,2023,1er semestre,7.11,0.08,40
5070257,6,28,2023,1er semestre,7.25,0,41
1809126635,6,28,2023,1er semestre,7.54,0,43
5073553,6,28,2023,1er semestre,7.68,0,44
5070428,6,28,2023,1er semestre,8.68,0,51
5070182,6,28,2023,1er semestre,9.95,0,60
5073555,6,28,2023,1er semestre,10.8,0,66
5070181,6,28,2023,1er semestre,14.92,0,95
5070426,6,28,2023,1er semestre,15.91,0,102
712986,6,28,2023,1er semestre,22.16,0,120
14100718,6,28,2023,1er semestre,23.86,0,158
5070259,6,28,2023,1er semestre,27.26,0,182
14102718,6,28,2023,1er semestre,27.7,0,185
5070425,6,28,2023,1er semestre,29.54,0,198
17846279,6,28,2023,1er semestre,36.47,3,200
5070260,6,28,2023,1er semestre,40.61,0,276
69406118,6,28,2023,1er semestre,42.45,1.61,289
14100720,6,28,2023,1er semestre,57.36,0,306
78800436,6,28,2023,1er semestre,116.79,8,560
15004519,6,28,2023,1er semestre,120.08,4.72,640
53064654,6,28,2023,1er semestre,207.78,4.36,960
50001054,6,28,2023,1er semestre,983.31,19.08,4200
3001351,6,28,2023,1er semestre,1176.14,0,4700
13001019,6,28,2023,1er semestre,1249.07,32.16,6240
17791530,6,28,2023,1er semestre,1818.11,33,10240
163806535,6,28,2023,1er semestre,1988.68,69,8400
18792324,6,28,2023,1er semestre,2001.74,47,8000
18792946,6,28,2023,1er semestre,2491.64,56.64,12800
13001327,6,28,2023,1er semestre,2609.1,45,11880
13001218,6,28,2023,1er semestre,2639.32,70.98,12720
150549252,6,28,2023,1er semestre,2648.98,46,11080
18792953,6,28,2023,1er semestre,2716.25,58.96,14240
170796743,6,28,2023,1er semestre,2926.91,58,11600
18790336,6,28,2023,1er semestre,2963.57,53.76,13040
18792647,6,28,2023,1er semestre,3414.36,74.16,17680
17791239,6,28,2023,1er semestre,3578.22,76.2,18900
1707900616,6,28,2023,1er semestre,3936.43,92.64,19840
17791158,6,28,2023,1er semestre,4599.51,86.88,19520
17790969,6,28,2023,1er semestre,4934.69,127.2,23920
13000875,6,28,2023,1er semestre,9659.71,171.04,41440
14000987,6,28,2023,1er semestre,9766.31,204,48440
14000888,6,28,2023,1er semestre,11229.31,240,55440
3143290146,6,28,2023,1er semestre,15020.93,276,59600
3143240218,6,28,2023,1er semestre,17320.81,294,85050
3180050301,6,28,2023,1er semestre,61604.17,945,310800
3143240198,6,28,2023,1er semestre,117855.01,1667,605895
62086091,6,24,2024,1er semestre,1.32,0,5
712986,6,30,2024,1er semestre,1.33,1,0
5070181,6,24,2024,1er semestre,1.73,0,3
627568,6,24,2024,1er semestre,2.06,0,16
2309106513,6,24,2024,1er semestre,5.31,0,38
14000318,6,24,2024,1er semestre,5.64,0,40
1809126635,6,24,2024,1er semestre,6.49,0,46
5070182,6,24,2024,1er semestre,6.85,0,50
5073556,6,24,2024,1er semestre,7.43,0,54
5070428,6,24,2024,1er semestre,7.59,0,54
5073553,6,24,2024,1er semestre,7.94,0,56
5073555,6,24,2024,1er semestre,11.01,0,77
5070258,6,24,2024,1er semestre,13.96,0,99
5070257,6,24,2024,1er semestre,16.29,0,115
14100718,6,24,2024,1er semestre,18.74,0,131
69406118,6,24,2024,1er semestre,21.29,0,147
14102718,6,24,2024,1er semestre,22.91,0,159
5070427,6,24,2024,1er semestre,26.44,0,190
5070426,6,24,2024,1er semestre,27.18,0,192
14100720,6,24,2024,1er semestre,28.55,0,198
5070425,6,24,2024,1er semestre,29.86,0,209
5070259,6,24,2024,1er semestre,29.9,0,211
5070260,6,24,2024,1er semestre,33.09,0,231
17846279,6,30,2024,1er semestre,65.03,3,320
15004519,6,24,2024,1er semestre,128.37,7,720
53064654,6,24,2024,1er semestre,143.16,4,760
78800436,6,30,2024,1er semestre,220.58,15,880
50001054,6,24,2024,1er semestre,1176.44,18,4500
13001019,6,24,2024,1er semestre,1266.07,30,5440
3001351,6,24,2024,1er semestre,1275.43,0,5100
23991862,6,24,2024,1er semestre,1791.51,34,8640
18792324,6,24,2024,1er semestre,2050.65,39,8200
150549252,6,30,2024,1er semestre,2767.48,40,10800
163806535,6,30,2024,1er semestre,2835.37,62,9240
13001218,6,24,2024,1er semestre,2894.4,67,12660
23990650,6,24,2024,1er semestre,2928.95,44,11400
18792953,6,24,2024,1er semestre,2964.68,65,13200
170796743,6,30,2024,1er semestre,3106.76,61,10720
18790336,6,24,2024,1er semestre,3283.43,55,11840
23990876,6,24,2024,1er semestre,3504.34,74,16000
18792647,6,24,2024,1er semestre,3793.23,78,17520
17791239,6,24,2024,1er semestre,4021.3,75,18900
1707900616,6,25,2024,1er semestre,4550.46,99,20640
17790969,6,25,2024,1er semestre,5487.27,136,22640
17791158,6,24,2024,1er semestre,5607.42,99,18880
13000875,6,24,2024,1er semestre,10585.05,159,39040
14000987,6,24,2024,1er semestre,10886.39,182,51240
14000888,6,24,2024,1er semestre,11568.32,229,52560
3143290146,6,30,2024,1er semestre,13216.02,212,48400
3143240218,6,30,2024,1er semestre,18525.29,287,82950
3180050301,6,30,2024,1er semestre,72789.38,1029,333900
3143240198,6,30,2024,1er semestre,125172.84,1672,581835
170796743,7,28,2022,1er semestre,0,0,0
712986,7,28,2022,1er semestre,2.28,0,0
5070279,7,28,2022,1er semestre,2.56,2.56,2.56
69406118,7,28,2022,1er semestre,2.56,2.56,2.56
5070182,7,28,2022,1er semestre,2.57,2.57,2.57
5070425,7,28,2022,1er semestre,2.59,2.59,2.59
5070428,7,28,2022,1er semestre,3.5,3.5,3.5
5073556,7,28,2022,1er semestre,3.65,3.65,3.65
1809126635,7,28,2022,1er semestre,5.85,5.85,5.85
14102718,7,28,2022,1er semestre,6.71,6.71,6.71
5070426,7,28,2022,1er semestre,8.67,8.67,8.67
14000318,7,28,2022,1er semestre,11.52,0.12,11.52
5070259,7,28,2022,1er semestre,11.79,11.79,11.79
5070258,7,28,2022,1er semestre,11.82,11.82,11.82
62086091,7,28,2022,1er semestre,12.44,0,12.44
5073555,7,28,2022,1er semestre,12.96,12.96,12.96
5070181,7,28,2022,1er semestre,13.5,0,13.5
5073553,7,28,2022,1er semestre,13.76,13.76,13.76
5070257,7,28,2022,1er semestre,14,14,14
5070427,7,28,2022,1er semestre,16.68,16.68,16.68
5070260,7,28,2022,1er semestre,18.79,0,18.79
14100720,7,28,2022,1er semestre,22.68,22.68,22.68
14100718,7,28,2022,1er semestre,23.35,23.35,23.35
17846279,7,28,2022,1er semestre,30.97,1,160
53064654,7,28,2022,1er semestre,70.29,3.36,70.29
15004519,7,28,2022,1er semestre,70.45,5.2,70.45
78800436,7,28,2022,1er semestre,89.78,4,400
50001054,7,28,2022,1er semestre,704.9,10,2400
163806535,7,28,2022,1er semestre,872.41,36,3360
13001019,7,28,2022,1er semestre,1014.83,27.52,1014.83
3001351,7,28,2022,1er semestre,1225,0,4900
144664857,7,28,2022,1er semestre,1415.47,38,2720
18792324,7,28,2022,1er semestre,1500,38,6000
17791530,7,28,2022,1er semestre,1537.86,1.53786,1537.86
150549252,7,28,2022,1er semestre,1595.27,29,5960
18792946,7,28,2022,1er semestre,1782.29,40,1782.29
18792953,7,28,2022,1er semestre,1808.46,43.2,1808.46
13001327,7,28,2022,1er semestre,2100,29,8160
1707900616,7,28,2022,1er semestre,2143.41,57.28,2143.41
18790336,7,28,2022,1er semestre,2181.86,38,7680
13001218,7,28,2022,1er semestre,2349.25,55.92,9240
18792647,7,28,2022,1er semestre,2934.11,66,2934.11
17790969,7,28,2022,1er semestre,3138.13,94.08,3138.13
17791158,7,28,2022,1er semestre,3484.37,61,12160
17791239,7,28,2022,1er semestre,4932.86,99,4932.86
14000888,7,28,2022,1er semestre,6821.9,172.56,6821.9
14000987,7,28,2022,1er semestre,6889.38,159.88,25060
13000875,7,28,2022,1er semestre,6922.45,106,25120
3143240218,7,28,2022,1er semestre,13394.61,221,58800
3143290146,7,28,2022,1er semestre,14730.21,276,52800
3180050301,7,28,2022,1er semestre,52224.08,840,231000
3143240198,7,28,2022,1er semestre,99813.68,1345,459933
23990650,7,28,2023,1er semestre,0,0,0
23990876,7,28,2023,1er semestre,0,0,0
2309106513,7,28,2023,1er semestre,0,0,0
5070427,7,28,2023,1er semestre,1.48,0,3
5070279,7,28,2023,1er semestre,1.5,0,0
62086091,7,28,2023,1er semestre,1.63,0,6
5073556,7,28,2023,1er semestre,3.65,0,25
14000318,7,28,2023,1er semestre,6.09,0.08,40
5073553,7,28,2023,1er semestre,6.41,0,42
5070258,7,28,2023,1er semestre,6.6,0,44
1809126635,7,28,2023,1er semestre,6.72,0,45
5070428,7,28,2023,1er semestre,7.03,0,48
5070257,7,28,2023,1er semestre,8.8,0,59
5073555,7,28,2023,1er semestre,10.76,0,72
5070181,7,28,2023,1er semestre,12.57,0,83
5070426,7,28,2023,1er semestre,15.98,0,109
5070182,7,28,2023,1er semestre,16.52,0,113
5070259,7,28,2023,1er semestre,18.45,0,124
14100718,7,28,2023,1er semestre,19.21,0,128
712986,7,28,2023,1er semestre,22.63,0,120
17846279,7,28,2023,1er semestre,22.79,3,120
14102718,7,28,2023,1er semestre,28.78,0,192
5070425,7,28,2023,1er semestre,40.14,0,270
14100720,7,28,2023,1er semestre,42.32,0,284
5070260,7,28,2023,1er semestre,43.26,0,292
69406118,7,28,2023,1er semestre,64.09,1.61,335
15004519,7,28,2023,1er semestre,108.7,4.72,560
78800436,7,28,2023,1er semestre,138.59,6,640
53064654,7,28,2023,1er semestre,228.25,4.36,1000
50001054,7,28,2023,1er semestre,929.52,17.88,4020
3001351,7,28,2023,1er semestre,1175.57,0,4700
13001019,7,28,2023,1er semestre,1260.04,31.36,5920
163806535,7,28,2023,1er semestre,1658.91,62,6680
17791530,7,28,2023,1er semestre,1729.36,1.54,8960
18792324,7,28,2023,1er semestre,1801.87,47,7200
150549252,7,28,2023,1er semestre,2290.33,36,9520
18792946,7,28,2023,1er semestre,2411.08,56.64,11686
13001327,7,28,2023,1er semestre,2441.14,45,11520
170796743,7,28,2023,1er semestre,2472.37,55,8960
18792953,7,28,2023,1er semestre,2560.16,58.96,12000
13001218,7,28,2023,1er semestre,2683.53,70.98,12120
18790336,7,28,2023,1er semestre,2776.81,53.76,12080
18792647,7,28,2023,1er semestre,3565.5,74.16,17200
1707900616,7,28,2023,1er semestre,3948.79,90.72,18720
17791239,7,28,2023,1er semestre,4047.89,76.2,20100
17791158,7,28,2023,1er semestre,4592.59,86.88,19680
17790969,7,28,2023,1er semestre,4944.67,127.2,22240
13000875,7,28,2023,1er semestre,9473.98,161.28,41600
14000987,7,28,2023,1er semestre,9525.22,204,43540
14000888,7,28,2023,1er semestre,11604.58,240,53760
3143290146,7,28,2023,1er semestre,15253.49,276,58400
3143240218,7,28,2023,1er semestre,17404.51,287,81900
3180050301,7,28,2023,1er semestre,55277.93,798,268800
3143240198,7,28,2023,1er semestre,113749.55,1538,561360
5070181,7,24,2024,1er semestre,1.69,0,0
712986,7,31,2024,1er semestre,2.62,24,0
5070182,7,24,2024,1er semestre,2.71,0,18
62086091,7,24,2024,1er semestre,2.71,0,18
2309106513,7,24,2024,1er semestre,4.3,0,29
5070428,7,24,2024,1er semestre,4.34,0,29
5073556,7,24,2024,1er semestre,5.38,0,37
14000318,7,24,2024,1er semestre,5.82,0,40
1809126635,7,24,2024,1er semestre,5.97,0,41
5073553,7,24,2024,1er semestre,8.2,0,57
627568,7,24,2024,1er semestre,9.1,0,59
5073555,7,24,2024,1er semestre,11.17,0,78
5070258,7,24,2024,1er semestre,17.11,0,121
14100718,7,24,2024,1er semestre,17.67,0,124
5070257,7,24,2024,1er semestre,17.8,0,125
14102718,7,24,2024,1er semestre,21.09,0,148
5070426,7,24,2024,1er semestre,23.94,0,169
5070427,7,24,2024,1er semestre,25.62,0,182
5070425,7,24,2024,1er semestre,27.55,0,194
5070259,7,24,2024,1er semestre,32.9,0,234
14100720,7,24,2024,1er semestre,33.88,0,239
5070260,7,24,2024,1er semestre,34.42,0,243
17846279,7,31,2024,1er semestre,48.99,3,240
78800436,7,31,2024,1er semestre,130.01,15,560
53064654,7,24,2024,1er semestre,162.77,0,840
15004519,7,24,2024,1er semestre,197.94,6,960
50001054,7,24,2024,1er semestre,904.61,14,3780
13001019,7,24,2024,1er semestre,1226.07,34,4640
3001351,7,24,2024,1er semestre,1325,0,5300
23991862,7,24,2024,1er semestre,1694.43,34,8000
18792324,7,24,2024,1er semestre,1825,0,7300
163806535,7,31,2024,1er semestre,2122.51,58,5760
150549252,7,31,2024,1er semestre,2132.05,40,7440
23990650,7,24,2024,1er semestre,2410.57,41,9360
170796743,7,31,2024,1er semestre,2419.86,61,7040
18790336,7,24,2024,1er semestre,2754.21,55,8960
13001218,7,24,2024,1er semestre,2779.19,67,11880
18792953,7,24,2024,1er semestre,2970,64,13353
23990876,7,24,2024,1er semestre,3242.33,74,13920
1707900616,7,24,2024,1er semestre,3359.87,85,13760
18792647,7,24,2024,1er semestre,3443.05,78,14960
17791239,7,24,2024,1er semestre,4085.24,77,19800
17791158,7,24,2024,1er semestre,4508.16,83,15840
17790969,7,24,2024,1er semestre,4762.62,136,17280
14000987,7,24,2024,1er semestre,6435.2,182,19880
13000875,7,24,2024,1er semestre,8808.24,159,31040
14000888,7,24,2024,1er semestre,9995.6,225,42720
3143290146,7,31,2024,1er semestre,13782.73,224,50000
3143240218,7,31,2024,1er semestre,18484.28,273,84000
3180050301,7,31,2024,1er semestre,77354.94,1029,361200
3143240198,7,31,2024,1er semestre,121104.35,1628,563731
5070181,8,28,2022,2do semestre,0,0,129
5070182,8,28,2022,2do semestre,0,0,3
5070257,8,28,2022,2do semestre,0,0,67
5070258,8,28,2022,2do semestre,0,0,61
5070259,8,28,2022,2do semestre,0,0,71
5070260,8,28,2022,2do semestre,0,0,139
5070279,8,28,2022,2do semestre,0,0,0
5070425,8,28,2022,2do semestre,0,0,34
5070426,8,28,2022,2do semestre,0,0,48
5070427,8,28,2022,2do semestre,0,0,1
5070428,8,28,2022,2do semestre,0,0,29
5073553,8,28,2022,2do semestre,0,0,71
5073555,8,28,2022,2do semestre,0,0,84
5073556,8,28,2022,2do semestre,0,0,24
14000318,8,28,2022,2do semestre,0,0.12,40
14100718,8,28,2022,2do semestre,0,0,137
14100720,8,28,2022,2do semestre,0,0,159
14102718,8,28,2022,2do semestre,0,0,56
17790969,8,28,2022,2do semestre,0,94.08,16640
17791239,8,28,2022,2do semestre,0,94.2,22074
53064654,8,28,2022,2do semestre,0,2.4,400
62086091,8,28,2022,2do semestre,0,0,85
69406118,8,28,2022,2do semestre,0,0,36
144664857,8,28,2022,2do semestre,0,45,0
1707900616,8,28,2022,2do semestre,0,59.04,11680
1809126635,8,28,2022,2do semestre,0,0,20
712986,8,28,2022,2do semestre,2.28,0,0
17846279,8,28,2022,2do semestre,29.3,2,160
15004519,8,28,2022,2do semestre,58.3,4.56,400
78800436,8,28,2022,2do semestre,117.17,6,560
50001054,8,28,2022,2do semestre,609.77,11,2100
3001351,8,28,2022,2do semestre,899.9,0,3600
13001019,8,28,2022,2do semestre,949.9,27.52,3840
17791530,8,28,2022,2do semestre,1189.97,19.52,4800
18792324,8,28,2022,2do semestre,1349.9,41,5400
18792953,8,28,2022,2do semestre,1594.14,43.6,5600
163806535,8,28,2022,2do semestre,1685.65,64,7080
13001327,8,28,2022,2do semestre,1715.93,33,5760
18790336,8,28,2022,2do semestre,1748.01,48,4480
18792946,8,28,2022,2do semestre,1748.43,39.68,7040
170796743,8,28,2022,2do semestre,1814.06,0,6320
150549252,8,28,2022,2do semestre,2006.89,38,8000
13001218,8,28,2022,2do semestre,2507.39,55.92,10200
18792647,8,28,2022,2do semestre,2662.86,73.76,10160
17791158,8,28,2022,2do semestre,3091.67,81,8320
13000875,8,28,2022,2do semestre,6148.77,112,20800
14000987,8,28,2022,2do semestre,7551.36,159.88,26040
14000888,8,28,2022,2do semestre,8571.25,159.14,33120
3143240218,8,28,2022,2do semestre,13201.65,228,63350
3143290146,8,28,2022,2do semestre,13957.24,276,53200
3180050301,8,28,2022,2do semestre,47689.26,798,231000
3143240198,8,28,2022,2do semestre,105780.72,1537,530775
23990650,8,28,2023,2do semestre,0,0,0
23990876,8,28,2023,2do semestre,0,0,0
2309106513,8,28,2023,2do semestre,0,0,0
5070279,8,28,2023,2do semestre,3.04,0,0
5073556,8,28,2023,2do semestre,3.59,0,14
62086091,8,28,2023,2do semestre,3.65,0,14
5070427,8,28,2023,2do semestre,5.92,0,30
5070426,8,28,2023,2do semestre,7.04,0,37
5073553,8,28,2023,2do semestre,7.44,0,39
14000318,8,28,2023,2do semestre,7.82,0.08,40
5070258,8,28,2023,2do semestre,8.12,0,44
1809126635,8,28,2023,2do semestre,8.88,0,49
5070428,8,28,2023,2do semestre,9.65,0,55
5070182,8,28,2023,2do semestre,10.59,0,62
5073555,8,28,2023,2do semestre,10.86,0,62
5070257,8,28,2023,2do semestre,13.83,0,82
712986,8,28,2023,2do semestre,15.39,1,80
5070181,8,28,2023,2do semestre,16.48,0,100
5070259,8,28,2023,2do semestre,18.16,0,111
14100718,8,28,2023,2do semestre,20.25,0,123
14102718,8,28,2023,2do semestre,27.3,0,172
17846279,8,28,2023,2do semestre,30.21,3,160
14100720,8,28,2023,2do semestre,33.33,0,211
5070260,8,28,2023,2do semestre,34.23,0,217
69406118,8,28,2023,2do semestre,36.01,1.61,231
5070425,8,28,2023,2do semestre,37.25,0,239
15004519,8,28,2023,2do semestre,77.72,2.88,400
78800436,8,28,2023,2do semestre,122.01,4,560
53064654,8,28,2023,2do semestre,149.94,4.36,760
50001054,8,28,2023,2do semestre,687.88,18.9,2940
18792324,8,28,2023,2do semestre,925,38.5,3700
3001351,8,28,2023,2do semestre,975,0,3900
17791530,8,28,2023,2do semestre,1117.96,33,4480
13001019,8,28,2023,2do semestre,1350.29,33.6,6240
18792953,8,28,2023,2do semestre,1499.82,59.52,4800
18790336,8,28,2023,2do semestre,1778.41,48.48,5920
13001327,8,28,2023,2do semestre,1857.98,36.96,7920
150549252,8,28,2023,2do semestre,1992.45,39,7560
163806535,8,28,2023,2do semestre,2062.63,64,5840
18792647,8,28,2023,2do semestre,2271.89,60.24,9760
170796743,8,28,2023,2do semestre,2316.59,62,7440
13001218,8,28,2023,2do semestre,2438.19,57,11580
18792946,8,28,2023,2do semestre,2460.15,55.68,11674
1707900616,8,28,2023,2do semestre,2883,78.72,12800
17791158,8,28,2023,2do semestre,3308.38,81.92,11680
17791239,8,28,2023,2do semestre,3762.32,77.1,18000
17790969,8,28,2023,2do semestre,3940.81,127.2,15760
13000875,8,28,2023,2do semestre,6337.05,136.48,24480
14000987,8,28,2023,2do semestre,6861.31,174.72,28420
14000888,8,28,2023,2do semestre,8644.92,239.52,36720
3143290146,8,28,2023,2do semestre,15123.71,276,57200
3143240218,8,28,2023,2do semestre,17197.07,277,80500
3180050301,8,28,2023,2do semestre,56528.04,966,260400
3143240198,8,28,2023,2do semestre,105916.02,1567,506342
712986,8,31,2024,2do semestre,-291.53,2,0
78800436,8,31,2024,2do semestre,-38.36,12,320
17846279,8,31,2024,2do semestre,-0.93,2,200
627568,8,24,2024,2do semestre,0.48,0,7
14000318,8,24,2024,2do semestre,2.01,0,0
5070181,8,24,2024,2do semestre,3.88,0,23
62086091,8,24,2024,2do semestre,4.46,0,27
1809126635,8,24,2024,2do semestre,5.76,0,36
2309106513,8,24,2024,2do semestre,6.19,0,39
5070182,8,24,2024,2do semestre,7.34,0,47
5073553,8,24,2024,2do semestre,8.5,0,55
5070428,8,24,2024,2do semestre,9.22,0,60
5073555,8,24,2024,2do semestre,10.66,0,70
5070258,8,24,2024,2do semestre,14.98,0,100
5070257,8,24,2024,2do semestre,17.43,0,117
14100718,8,24,2024,2do semestre,18.01,0,121
5070426,8,24,2024,2do semestre,18.87,0,127
14102718,8,24,2024,2do semestre,18.87,0,127
5070427,8,24,2024,2do semestre,19.59,0,132
5073556,8,24,2024,2do semestre,21.18,0,143
5070259,8,24,2024,2do semestre,21.9,0,148
5070425,8,24,2024,2do semestre,25.94,0,176
5070260,8,24,2024,2do semestre,30.69,0,209
14100720,8,24,2024,2do semestre,32.13,0,219
53064654,8,24,2024,2do semestre,131.67,0,720
15004519,8,24,2024,2do semestre,152.84,0,800
3001351,8,24,2024,2do semestre,747.03,0,3000
50001054,8,24,2024,2do semestre,837.9,14,3300
13001019,8,24,2024,2do semestre,1202.23,29,4960
23991862,8,24,2024,2do semestre,1357.95,34,5440
18792324,8,24,2024,2do semestre,1572.03,0,6300
150549252,8,31,2024,2do semestre,1871.54,40,9120
163806535,8,31,2024,2do semestre,2030.34,60,7440
23990650,8,24,2024,2do semestre,2168.61,41,7560
170796743,8,31,2024,2do semestre,2269.53,61,9520
18790336,8,24,2024,2do semestre,2549.43,55,7440
18792953,8,24,2024,2do semestre,2936.25,64,12923
23990876,8,24,2024,2do semestre,2940.36,74,11680
18792647,8,24,2024,2do semestre,2989.94,78,11520
13001218,8,24,2024,2do semestre,3050.57,71,12837
1707900616,8,24,2024,2do semestre,3412.54,81,14080
17791158,8,24,2024,2do semestre,3806.02,79,11680
17791239,8,24,2024,2do semestre,3948.61,80,18000
17790969,8,24,2024,2do semestre,4866.21,136,18080
13000875,8,24,2024,2do semestre,7127.2,131,24800
14000987,8,24,2024,2do semestre,9467.67,192,38723
14000888,8,24,2024,2do semestre,9899.54,225,40560
3143290146,8,31,2024,2do semestre,12098.56,208,49600
3143240218,8,31,2024,2do semestre,17692.54,277,79450
3180050301,8,31,2024,2do semestre,70168.22,924,329700
3143240198,8,31,2024,2do semestre,124336.95,1714,626227
17791239,9,28,2022,2do semestre,0,91.8,0
144664857,9,28,2022,2do semestre,0,0,0
5070279,9,28,2022,2do semestre,2.55,0,2.55
5070427,9,28,2022,2do semestre,2.79,2.79,3
5073556,9,28,2022,2do semestre,4.02,0,20
5070428,9,28,2022,2do semestre,5.71,0,32
1809126635,9,28,2022,2do semestre,6.32,0,36
14000318,9,28,2022,2do semestre,6.91,0,40
712986,9,28,2022,2do semestre,7.63,9,40
62086091,9,28,2022,2do semestre,7.83,0,46
5070258,9,28,2022,2do semestre,8.82,0,60
5070426,9,28,2022,2do semestre,8.95,0,61
5070259,9,28,2022,2do semestre,11.2,11.2,79
5070182,9,28,2022,2do semestre,11.21,0,80
5073555,9,28,2022,2do semestre,12.2,0,87
5073553,9,28,2022,2do semestre,12.96,0,93
14102718,9,28,2022,2do semestre,13.19,0,114
5070257,9,28,2022,2do semestre,13.62,0,98
69406118,9,28,2022,2do semestre,13.75,1,100
5070181,9,28,2022,2do semestre,15.98,0,15.98
14100718,9,28,2022,2do semestre,26.22,0,233
5070425,9,28,2022,2do semestre,27.09,27.09,242
5070260,9,28,2022,2do semestre,28.44,0,252
17846279,9,28,2022,2do semestre,28.77,2,160
14100720,9,28,2022,2do semestre,42.48,0,323
15004519,9,28,2022,2do semestre,90.72,6,640
53064654,9,28,2022,2do semestre,114.07,3,800
78800436,9,28,2022,2do semestre,240.9,6,1040
50001054,9,28,2022,2do semestre,739.02,15,2820
13001019,9,28,2022,2do semestre,1061.44,24,4480
3001351,9,28,2022,2do semestre,1399.98,0,5600
17791530,9,28,2022,2do semestre,1539.27,27,7040
163806535,9,28,2022,2do semestre,1889.39,66,8160
150549252,9,28,2022,2do semestre,1967.46,34,8360
170796743,9,28,2022,2do semestre,2023.75,50,7280
18792946,9,28,2022,2do semestre,2106.62,43,9280
18792324,9,28,2022,2do semestre,2149.98,45,8600
13001327,9,28,2022,2do semestre,2185.36,38,9120
18790336,9,28,2022,2do semestre,2530.25,49,10000
13001218,9,28,2022,2do semestre,2606.79,56,11220
18792953,9,28,2022,2do semestre,2799.9,55,12400
1707900616,9,28,2022,2do semestre,3364.87,81,13760
18792647,9,28,2022,2do semestre,3582.36,77,15280
17790969,9,28,2022,2do semestre,4720.93,103,19920
17791158,9,28,2022,2do semestre,4923.61,110,17440
13000875,9,28,2022,2do semestre,8208.42,134,33920
14000987,9,28,2022,2do semestre,10074.23,198,41580
14000888,9,28,2022,2do semestre,11944.86,218,51120
3143240218,9,28,2022,2do semestre,12412.12,214,61600
3143290146,9,28,2022,2do semestre,13610.92,276,52800
3180050301,9,28,2022,2do semestre,50173.59,882,247800
3143240198,9,28,2022,2do semestre,105749.75,1535,548674
18792946,9,28,2023,2do semestre,0,0,0
23990650,9,28,2023,2do semestre,0,0,0
2309106513,9,28,2023,2do semestre,0,0,0
5073556,9,28,2023,2do semestre,2.98,0,1
5070279,9,28,2023,2do semestre,3,0,0
62086091,9,28,2023,2do semestre,4.4,0,20
5070182,9,28,2023,2do semestre,4.69,0,22
5070428,9,28,2023,2do semestre,5.32,0,26
5070426,9,28,2023,2do semestre,7.1,0,38
5073553,9,28,2023,2do semestre,7.69,0,42
5070427,9,28,2023,2do semestre,8.62,0,49
1809126635,9,28,2023,2do semestre,9.15,0,52
5073555,9,28,2023,2do semestre,10.66,0,62
5070258,9,28,2023,2do semestre,11.92,0,71
14000318,9,28,2023,2do semestre,13.2,0.08,80
5070257,9,28,2023,2do semestre,13.61,0,82
5070181,9,28,2023,2do semestre,16.22,0,100
14100718,9,28,2023,2do semestre,21.4,0,135
712986,9,28,2023,2do semestre,22.35,2,120
5070259,9,28,2023,2do semestre,27.01,0,173
14102718,9,28,2023,2do semestre,28.51,0,183
17846279,9,28,2023,2do semestre,29.57,2,160
5070260,9,28,2023,2do semestre,31.74,0,205
69406118,9,28,2023,2do semestre,32.79,1.18,211
5070425,9,28,2023,2do semestre,45.07,0,296
14100720,9,28,2023,2do semestre,66.57,0,338
15004519,9,28,2023,2do semestre,109.47,6.88,560
78800436,9,28,2023,2do semestre,193.12,5,800
53064654,9,28,2023,2do semestre,211.36,0.36,920
50001054,9,28,2023,2do semestre,848.02,17.88,3600
3001351,9,28,2023,2do semestre,1050,0,4200
13001019,9,28,2023,2do semestre,1189.57,30.4,5600
18792324,9,28,2023,2do semestre,1557.5,44.67,6230
17791530,9,28,2023,2do semestre,1581.06,1.53927,8000
13001327,9,28,2023,2do semestre,2096.07,37.2,9960
150549252,9,28,2023,2do semestre,2327.02,39,9720
13001218,9,28,2023,2do semestre,2432.11,62.7,11280
18792953,9,28,2023,2do semestre,2464.41,58.24,11840
163806535,9,28,2023,2do semestre,2576.21,66,8800
18790336,9,28,2023,2do semestre,2590.6,51.04,11520
170796743,9,28,2023,2do semestre,2696.99,58,10160
23990876,9,28,2023,2do semestre,2891.11,66.72,13920
18792647,9,28,2023,2do semestre,3028.42,67.6,14720
1707900616,9,28,2023,2do semestre,3842,85.76,18720
17791239,9,28,2023,2do semestre,3919.79,76.8,19800
17791158,9,28,2023,2do semestre,4502.03,95.04,19360
17790969,9,28,2023,2do semestre,4878.93,127.2,22160
13000875,9,28,2023,2do semestre,8275.32,145.28,37600
14000987,9,28,2023,2do semestre,8856.1,197.82,40180
14000888,9,28,2023,2do semestre,11599.85,244.8,54480
3143290146,9,28,2023,2do semestre,14887.31,276,58000
3143240218,9,28,2023,2do semestre,16808.75,277,81550
3180050301,9,28,2023,2do semestre,58252.18,924,285600
3143240198,9,28,2023,2do semestre,113934.27,1571,577233
62086091,9,24,2024,2do semestre,0.59,0,0
5070182,9,24,2024,2do semestre,1.77,0,0
5070181,9,24,2024,2do semestre,2.18,0,0
5073556,9,24,2024,2do semestre,2.43,0,0
712986,9,30,2024,2do semestre,2.61,0,0
14000318,9,24,2024,2do semestre,2.71,0,0
627568,9,24,2024,2do semestre,4.66,0,24
2309106513,9,24,2024,2do semestre,5.43,0,29
1809126635,9,24,2024,2do semestre,7.3,0,42
5073553,9,24,2024,2do semestre,9.6,0,60
5073555,9,24,2024,2do semestre,13.12,0,88
5070428,9,24,2024,2do semestre,13.49,0,85
5070257,9,24,2024,2do semestre,19.78,0,129
14100718,9,24,2024,2do semestre,19.86,0,128
5070258,9,24,2024,2do semestre,22.89,0,160
5070426,9,24,2024,2do semestre,24.14,0,173
14102718,9,24,2024,2do semestre,27.13,0,178
5070425,9,24,2024,2do semestre,28.1,0,193
5070427,9,24,2024,2do semestre,28.42,0,193
5070260,9,24,2024,2do semestre,35.57,0,246
5070259,9,24,2024,2do semestre,38.1,0,257
14100720,9,24,2024,2do semestre,41.36,0,276
69406118,9,24,2024,2do semestre,43.74,0,293
17846279,9,30,2024,2do semestre,86.49,2,400
15004519,9,24,2024,2do semestre,179.26,0,880
53064654,9,24,2024,2do semestre,192.53,0,920
78800436,9,30,2024,2do semestre,243.25,12,960
3001351,9,24,2024,2do semestre,1024.62,0,4100
13001019,9,24,2024,2do semestre,1027.89,24,4320
50001054,9,24,2024,2do semestre,1074.26,20,3780
18792324,9,24,2024,2do semestre,1724.62,0,6900
23991862,9,24,2024,2do semestre,1743.19,34,8000
23990650,9,24,2024,2do semestre,2176.42,35,8880
150549252,9,30,2024,2do semestre,2450.88,40,9200
163806535,9,30,2024,2do semestre,2504.69,58,7840
13001218,9,24,2024,2do semestre,2702.07,67,10863
170796743,9,30,2024,2do semestre,2935.79,61,9840
18790336,9,24,2024,2do semestre,3105.95,55,11520
23990876,9,24,2024,2do semestre,3379.49,74,14720
18792647,9,24,2024,2do semestre,3429.84,78,14400
17791239,9,24,2024,2do semestre,3835.24,69,19800
1707900616,9,24,2024,2do semestre,4382.81,91,20160
17790969,9,24,2024,2do semestre,5335.1,136,22240
17791158,9,24,2024,2do semestre,5520.08,106,18400
14000987,9,24,2024,2do semestre,8396.51,203,29737
13000875,9,24,2024,2do semestre,9278.13,145,36960
14000888,9,24,2024,2do semestre,11248.2,222,49680
3143290146,9,30,2024,2do semestre,13185.29,208,48800
3143240218,9,30,2024,2do semestre,16898.92,277,75250
3180050301,9,30,2024,2do semestre,66277.98,924,308700
3143240198,9,30,2024,2do semestre,130068.58,1655,619775
17791239,10,28,2022,2do semestre,0,86.7,23400
144664857,10,28,2022,2do semestre,0,0,0
5070279,10,28,2022,2do semestre,2.58,0,0
5070427,10,28,2022,2do semestre,2.77,0,0
5073556,10,28,2022,2do semestre,3.17,0,14
5070428,10,28,2022,2do semestre,4.01,0,20
5070258,10,28,2022,2do semestre,5.46,0,30
1809126635,10,28,2022,2do semestre,6.02,0,34
62086091,10,28,2022,2do semestre,6.77,0,39
14000318,10,28,2022,2do semestre,6.87,0,40
5070182,10,28,2022,2do semestre,7.6,0,52
5070426,10,28,2022,2do semestre,8.46,0,58
17846279,10,28,2022,2do semestre,9.5,2,160
5070259,10,28,2022,2do semestre,9.84,0,69
5073555,10,28,2022,2do semestre,10.59,0,75
5073553,10,28,2022,2do semestre,10.71,0,76
14102718,10,28,2022,2do semestre,11.71,0,101
69406118,10,28,2022,2do semestre,12.53,0,91
5070257,10,28,2022,2do semestre,12.86,0,93
5070181,10,28,2022,2do semestre,13.57,0,118
14100718,10,28,2022,2do semestre,24.62,0,220
5070425,10,28,2022,2do semestre,29.82,0,270
712986,10,28,2022,2do semestre,33.65,2,200
5070260,10,28,2022,2do semestre,43.18,0,309
14100720,10,28,2022,2do semestre,44.32,0,317
15004519,10,28,2022,2do semestre,55.66,6,400
53064654,10,28,2022,2do semestre,187.4,4,187.4
78800436,10,28,2022,2do semestre,242.15,6,1120
50001054,10,28,2022,2do semestre,785,17,3120
13001019,10,28,2022,2do semestre,931.34,21,4000
3001351,10,28,2022,2do semestre,1274.99,0,5100
17791530,10,28,2022,2do semestre,1404.33,27,6400
170796743,10,28,2022,2do semestre,1608.79,49,6880
163806535,10,28,2022,2do semestre,1729.44,64,8560
150549252,10,28,2022,2do semestre,1775.13,40,8560
18792324,10,28,2022,2do semestre,1949.99,39,7800
18792946,10,28,2022,2do semestre,2163.65,43,9760
13001327,10,28,2022,2do semestre,2210.05,38,10080
13001218,10,28,2022,2do semestre,2415.08,63.06,10440
18790336,10,28,2022,2do semestre,2754.54,51,12000
18792953,10,28,2022,2do semestre,2774.52,58,12240
18792647,10,28,2022,2do semestre,3618.36,78,15880
1707900616,10,28,2022,2do semestre,3653.53,94,14720
17791158,10,28,2022,2do semestre,4209.17,83,17440
17790969,10,28,2022,2do semestre,4715.68,117,4715.68
13000875,10,28,2022,2do semestre,8149.2,138,35680
14000987,10,28,2022,2do semestre,8843.88,95.9,36820
14000888,10,28,2022,2do semestre,11069.13,197.04,47040
3143240218,10,28,2022,2do semestre,12121.73,224,60550
3143290146,10,28,2022,2do semestre,13326.87,276,52400
3180050301,10,28,2022,2do semestre,47585.72,861,239400
3143240198,10,28,2022,2do semestre,102107.96,1554,538933
5070181,10,28,2023,2do semestre,0,0,103
5070182,10,28,2023,2do semestre,0,0,26
5070257,10,28,2023,2do semestre,0,0,85
5070258,10,28,2023,2do semestre,0,0,73
5070259,10,28,2023,2do semestre,0,0,181
5070260,10,28,2023,2do semestre,0,0,220
5070279,10,28,2023,2do semestre,0,0,28
5070425,10,28,2023,2do semestre,0,0,249
5070426,10,28,2023,2do semestre,0,0,83
5070427,10,28,2023,2do semestre,0,0,69
5070428,10,28,2023,2do semestre,0,0,5
5073553,10,28,2023,2do semestre,0,0,44
5073555,10,28,2023,2do semestre,0,0,62
5073556,10,28,2023,2do semestre,0,0,12
13001327,10,28,2023,2do semestre,0,0,0
14000318,10,28,2023,2do semestre,0,0.08,40
14100718,10,28,2023,2do semestre,0,0,136
14100720,10,28,2023,2do semestre,0,0,334
14102718,10,28,2023,2do semestre,0,0,162
17791239,10,28,2023,2do semestre,0,76.8,19500
17791530,10,28,2023,2do semestre,0,1.40433,8640
18792647,10,28,2023,2do semestre,0,66,15280
18792946,10,28,2023,2do semestre,0,0,0
18792953,10,28,2023,2do semestre,0,60.08,11840
23990876,10,28,2023,2do semestre,0,66.72,13920
53064654,10,28,2023,2do semestre,0,4.36,880
62086091,10,28,2023,2do semestre,0,0,6
69406118,10,28,2023,2do semestre,0,1.29,212
1809126635,10,28,2023,2do semestre,0,0,55
2309106513,10,28,2023,2do semestre,0,0,0
712986,10,28,2023,2do semestre,22.06,2,120
17846279,10,28,2023,2do semestre,29.15,2,160
15004519,10,28,2023,2do semestre,77.2,5.36,480
78800436,10,28,2023,2do semestre,147.71,5,720
18792324,10,28,2023,2do semestre,342.5,44.6,1370
50001054,10,28,2023,2do semestre,819.34,18.9,3960
3001351,10,28,2023,2do semestre,1175,0,4700
13001019,10,28,2023,2do semestre,1247.99,29.28,5760
23990650,10,28,2023,2do semestre,1741.04,35.04,10080
170796743,10,28,2023,2do semestre,2064.36,53,7200
18790336,10,28,2023,2do semestre,2128.49,46,11280
150549252,10,28,2023,2do semestre,2134.04,39,9040
163806535,10,28,2023,2do semestre,2134.75,68,6800
13001218,10,28,2023,2do semestre,2610.16,57.6,12360
1707900616,10,28,2023,2do semestre,3754.51,89.92,16800
17791158,10,28,2023,2do semestre,4189.85,102.56,18080
17790969,10,28,2023,2do semestre,4921.33,127.2,20640
13000875,10,28,2023,2do semestre,7007.55,149.92,35520
14000987,10,28,2023,2do semestre,10013.15,192.64,43680
14000888,10,28,2023,2do semestre,10525.69,232.8,47280
3143290146,10,28,2023,2do semestre,13255.77,276,51600
3143240218,10,28,2023,2do semestre,15136.93,284,77000
3180050301,10,28,2023,2do semestre,46186.44,798,241500
3143240198,10,28,2023,2do semestre,93114.29,1571,491306
15004519,10,24,2024,2do semestre,0,0,720
62086091,10,24,2024,2do semestre,0.08,0,0
5070182,10,24,2024,2do semestre,1.27,0,0
5070181,10,24,2024,2do semestre,1.67,0,0
14000318,10,24,2024,2do semestre,2.21,0,0
184586134,10,31,2024,2do semestre,2.36,0,0
2309106513,10,24,2024,2do semestre,4.93,0,29
627568,10,24,2024,2do semestre,5.31,0,25
1809126635,10,24,2024,2do semestre,6.53,0,40
5073556,10,24,2024,2do semestre,6.56,0,42
5073553,10,24,2024,2do semestre,8.82,0,58
5070428,10,24,2024,2do semestre,9.89,0,64
5073555,10,24,2024,2do semestre,11.47,0,80
5070257,10,24,2024,2do semestre,15.96,0,106
14100718,10,24,2024,2do semestre,21.65,0,144
5070426,10,24,2024,2do semestre,23.34,0,171
14102718,10,24,2024,2do semestre,26.75,0,179
5070427,10,24,2024,2do semestre,27,0,186
5070425,10,24,2024,2do semestre,28.74,0,201
5070258,10,24,2024,2do semestre,29.3,0,208
5070259,10,24,2024,2do semestre,34.02,0,232
5070260,10,24,2024,2do semestre,34.27,0,241
69406118,10,24,2024,2do semestre,38,0,257
14100720,10,24,2024,2do semestre,43.24,0,293
17846279,10,31,2024,2do semestre,64.25,3,320
78800436,10,31,2024,2do semestre,144.68,16,720
53064654,10,24,2024,2do semestre,192.17,0,920
3001351,10,24,2024,2do semestre,1025,0,4100
50001054,10,24,2024,2do semestre,1133.92,19,4440
13001019,10,24,2024,2do semestre,1147.21,27,4800
1707900616,10,24,2024,2do semestre,1492.35,93,18080
18792324,10,24,2024,2do semestre,1650,0,6600
23991862,10,24,2024,2do semestre,1759.54,34,8320
163806535,10,31,2024,2do semestre,2014.13,51,7360
23990650,10,24,2024,2do semestre,2332.62,36,9840
150549252,10,31,2024,2do semestre,2344.12,40,10360
17790969,10,24,2024,2do semestre,2567.92,136,21280
170796743,10,31,2024,2do semestre,2714.52,62,10560
13001218,10,24,2024,2do semestre,2818.84,66,11820
18790336,10,24,2024,2do semestre,3073.41,57,10880
23990876,10,24,2024,2do semestre,3605.58,75,15840
18792647,10,24,2024,2do semestre,3607,78,15680
17791239,10,24,2024,2do semestre,4398.83,84,21900
17791158,10,24,2024,2do semestre,5238.63,100,17600
14000888,10,24,2024,2do semestre,7821.15,224,44320
13000875,10,24,2024,2do semestre,9366.3,153,36000
14000987,10,24,2024,2do semestre,9679.87,203,38640
3143290146,10,31,2024,2do semestre,11805.53,200,50800
3143240218,10,31,2024,2do semestre,16261.07,270,84700
3180050301,10,31,2024,2do semestre,61653.64,924,329700
3143240198,10,31,2024,2do semestre,114324.73,1607,620653
144664857,11,28,2022,2do semestre,0,0,0
5070182,11,28,2022,2do semestre,2.56,0,0
5070279,11,28,2022,2do semestre,2.56,0,0
5070427,11,28,2022,2do semestre,2.56,0,0
5073556,11,28,2022,2do semestre,2.56,0,2
5070428,11,28,2022,2do semestre,6.4,0,37
1809126635,11,28,2022,2do semestre,6.69,0,39
14000318,11,28,2022,2do semestre,6.84,0,40
62086091,11,28,2022,2do semestre,6.97,0,41
5070258,11,28,2022,2do semestre,7.12,0,42
5070426,11,28,2022,2do semestre,7.4,0,44
712986,11,28,2022,2do semestre,7.47,0,40
5073555,11,28,2022,2do semestre,9.51,0,67
5070257,11,28,2022,2do semestre,10.39,0,74
5070259,11,28,2022,2do semestre,10.52,0,75
5073553,11,28,2022,2do semestre,11.41,0,82
14102718,11,28,2022,2do semestre,12.68,0,92
69406118,11,28,2022,2do semestre,13.06,0,95
5070181,11,28,2022,2do semestre,14.06,0,123
14100718,11,28,2022,2do semestre,19.78,0,176
17846279,11,28,2022,2do semestre,21.28,1,120
5070260,11,28,2022,2do semestre,27.97,0,252
5070425,11,28,2022,2do semestre,27.97,0,252
14100720,11,28,2022,2do semestre,31.53,0,285
15004519,11,28,2022,2do semestre,55.8,5,400
78800436,11,28,2022,2do semestre,79.71,66,880
53064654,11,28,2022,2do semestre,100.95,4,720
50001054,11,28,2022,2do semestre,694.69,16,2700
13001019,11,28,2022,2do semestre,980.59,29,3680
3001351,11,28,2022,2do semestre,1025,0,4100
17791530,11,28,2022,2do semestre,1301.59,27,5760
163806535,11,28,2022,2do semestre,1377.19,58,6120
170796743,11,28,2022,2do semestre,1561.05,48,4960
18792324,11,28,2022,2do semestre,1650,41,6600
150549252,11,28,2022,2do semestre,1692.81,40,6480
18792946,11,28,2022,2do semestre,1821.42,43,7680
13001327,11,28,2022,2do semestre,1956.18,44,7800
18792953,11,28,2022,2do semestre,2149.46,53.92,9200
13001218,11,28,2022,2do semestre,2258.67,54,9480
18790336,11,28,2022,2do semestre,2406.9,49,10240
18792647,11,28,2022,2do semestre,2975.62,70,12480
17791158,11,28,2022,2do semestre,3153.99,72,12320
1707900616,11,28,2022,2do semestre,3238.42,94,12160
17790969,11,28,2022,2do semestre,4337.83,117,16800
17791239,11,28,2022,2do semestre,5709.79,108,25503
13000875,11,28,2022,2do semestre,6748.24,135,28000
14000987,11,28,2022,2do semestre,8454.15,177,0
14000888,11,28,2022,2do semestre,9523.07,214,39120
3143290146,11,28,2022,2do semestre,11827.44,276,44000
3143240218,11,28,2022,2do semestre,14620.14,238,76300
3180050301,11,28,2022,2do semestre,44841.2,861,222600
3143240198,11,28,2022,2do semestre,92487.21,1497,482573
5070279,11,28,2023,2do semestre,0,0,0
13001327,11,28,2023,2do semestre,0,0,0
18792946,11,28,2023,2do semestre,0,0,0
5070182,11,28,2023,2do semestre,2.98,0,0
62086091,11,28,2023,2do semestre,2.98,0,0
5070428,11,28,2023,2do semestre,3.59,0,15
5070427,11,28,2023,2do semestre,4.02,0,18
5073556,11,28,2023,2do semestre,5.04,0,25
78800436,11,28,2023,2do semestre,5.72,10,400
2309106513,11,28,2023,2do semestre,6.76,0,37
14000318,11,28,2023,2do semestre,7.19,0.08,40
1809126635,11,28,2023,2do semestre,7.2,0,40
5070257,11,28,2023,2do semestre,9.34,0,55
5073553,11,28,2023,2do semestre,9.49,0,56
5073555,11,28,2023,2do semestre,13.51,0,84
5070258,11,28,2023,2do semestre,13.66,0,85
5070181,11,28,2023,2do semestre,14.22,0,89
712986,11,28,2023,2do semestre,15.24,0,120
5070426,11,28,2023,2do semestre,18.11,0,116
5070259,11,28,2023,2do semestre,22.27,0,145
14100718,11,28,2023,2do semestre,22.86,0,149
14102718,11,28,2023,2do semestre,23.58,0,154
5070425,11,28,2023,2do semestre,28.31,0,187
5070260,11,28,2023,2do semestre,28.74,0,190
17846279,11,28,2023,2do semestre,29.41,2,160
69406118,11,28,2023,2do semestre,35.06,1.41,234
14100720,11,28,2023,2do semestre,47.22,0,313
15004519,11,28,2023,2do semestre,47.92,4.88,320
53064654,11,28,2023,2do semestre,160.4,0.87,825
50001054,11,28,2023,2do semestre,612.25,17.4,2160
163806535,11,28,2023,2do semestre,800.11,19,2880
170796743,11,28,2023,2do semestre,874.61,25,2720
3001351,11,28,2023,2do semestre,949.95,0,3800
13001019,11,28,2023,2do semestre,1033.86,28,4160
150549252,11,28,2023,2do semestre,1110.7,39,5840
17791530,11,28,2023,2do semestre,1123.85,33,4160
1707900616,11,28,2023,2do semestre,1331.97,39.36,4960
23990650,11,28,2023,2do semestre,1334.14,36.6,4800
18792324,11,28,2023,2do semestre,1524.95,44.6,6100
18792953,11,28,2023,2do semestre,1536.35,60.08,3760
18790336,11,28,2023,2do semestre,1590.01,49.04,4240
13001218,11,28,2023,2do semestre,1825.35,48.84,7440
18792647,11,28,2023,2do semestre,2213.39,69.68,7520
23990876,11,28,2023,2do semestre,2260.25,66.72,8320
17791158,11,28,2023,2do semestre,2790.33,87.84,6880
17791239,11,28,2023,2do semestre,3064.34,82.5,12300
17790969,11,28,2023,2do semestre,3218.32,127.2,7360
14000888,11,28,2023,2do semestre,4248.65,114,17040
13000875,11,28,2023,2do semestre,4624.89,128.32,16320
14000987,11,28,2023,2do semestre,5472.84,167.44,14840
3143290146,11,28,2023,2do semestre,12170.83,276,45200
3143240218,11,28,2023,2do semestre,13406.4,259,67550
3180050301,11,28,2023,2do semestre,38773.45,903,180600
3143240198,11,28,2023,2do semestre,73782.47,1571,357611
627568,11,25,2024,2do semestre,0,0,25
13001019,11,25,2024,2do semestre,0,28,4000
13001218,11,25,2024,2do semestre,0,66,10380
15004519,11,25,2024,2do semestre,0,0,720
62086091,11,25,2024,2do semestre,1.39,0,12
184586134,11,30,2024,2do semestre,2.1,0,0
5070182,11,25,2024,2do semestre,2.35,0,0
5070181,11,25,2024,2do semestre,2.67,0,0
14000318,11,25,2024,2do semestre,3.23,0,0
5073556,11,25,2024,2do semestre,5.6,0,28
2309106513,11,25,2024,2do semestre,6.39,0,32
1809126635,11,25,2024,2do semestre,6.99,0,36
5073553,11,25,2024,2do semestre,9.41,0,55
5073555,11,25,2024,2do semestre,11.91,0,76
5070257,11,25,2024,2do semestre,13.64,0,83
5070428,11,25,2024,2do semestre,15.04,0,93
5070258,11,25,2024,2do semestre,21.11,0,144
5070259,11,25,2024,2do semestre,21.29,0,136
14100718,11,25,2024,2do semestre,22.29,0,141
5070426,11,25,2024,2do semestre,22.42,0,157
5070260,11,25,2024,2do semestre,24.38,0,165
14102718,11,25,2024,2do semestre,26.38,0,169
5070425,11,25,2024,2do semestre,27.96,0,188
5070427,11,25,2024,2do semestre,32.47,0,217
218400842,11,25,2024,2do semestre,37.89,0,249
14100720,11,25,2024,2do semestre,39.28,0,258
17846279,11,30,2024,2do semestre,64.42,3,320
78800436,11,30,2024,2do semestre,113.48,12,560
53064654,11,25,2024,2do semestre,168.79,0,840
3001351,11,25,2024,2do semestre,1024.26,0,4100
50001054,11,25,2024,2do semestre,1110.72,19,4260
18792324,11,25,2024,2do semestre,1574.26,0,6300
23991862,11,25,2024,2do semestre,1586.16,34,7040
163806535,11,30,2024,2do semestre,1844.7,55,5960
150549252,11,30,2024,2do semestre,2013.8,40,8360
1707900616,11,25,2024,2do semestre,2043.33,101,15040
23990650,11,25,2024,2do semestre,2101.77,38,7680
170796743,11,30,2024,2do semestre,2130.03,54,7760
17790969,11,25,2024,2do semestre,2712.5,136,16400
18790336,11,25,2024,2do semestre,2761.79,56,8800
23990876,11,25,2024,2do semestre,3211.1,75,13440
18792647,11,25,2024,2do semestre,3289.36,76,13680
17791239,11,25,2024,2do semestre,3807.03,84,17700
17791158,11,25,2024,2do semestre,4249.38,84,13760
14000987,11,25,2024,2do semestre,4361.9,203,32480
14000888,11,25,2024,2do semestre,7899.47,197,42560
13000875,11,25,2024,2do semestre,8766.87,153,31840
3143290146,11,30,2024,2do semestre,9941.03,192,40800
3143240218,11,30,2024,2do semestre,14897.67,270,75600
3180050301,11,30,2024,2do semestre,48816.9,882,247800
3143240198,11,30,2024,2do semestre,95905.56,1592,498853
144664857,12,28,2022,2do semestre,0,0,0
5070182,12,28,2022,2do semestre,2.61,0,0
5070279,12,28,2022,2do semestre,2.61,0,0
5070428,12,28,2022,2do semestre,2.63,0,8
5070427,12,28,2022,2do semestre,2.76,0,0
5070181,12,28,2022,2do semestre,3.24,0,13
5073556,12,28,2022,2do semestre,3.35,0,15
5070426,12,28,2022,2do semestre,4.83,0,25
1809126635,12,28,2022,2do semestre,6.48,0,37
14000318,12,28,2022,2do semestre,7,0,40
62086091,12,28,2022,2do semestre,7.04,0,40
5070258,12,28,2022,2do semestre,7.77,0,52
5070257,12,28,2022,2do semestre,8.43,0,57
5073555,12,28,2022,2do semestre,9.83,0,68
5070259,12,28,2022,2do semestre,10.19,0,71
5073553,12,28,2022,2do semestre,10.96,0,77
69406118,12,28,2022,2do semestre,12.84,0,93
712986,12,28,2022,2do semestre,14.33,0,80
14100718,12,28,2022,2do semestre,16.95,0,147
17846279,12,28,2022,2do semestre,21.22,1,120
5070425,12,28,2022,2do semestre,22.78,0,204
14102718,12,28,2022,2do semestre,24.34,0,218
5070260,12,28,2022,2do semestre,24.75,0,220
14100720,12,28,2022,2do semestre,25.55,0,227
15004519,12,28,2022,2do semestre,56.01,4,0
78800436,12,28,2022,2do semestre,79.71,5,400
53064654,12,28,2022,2do semestre,90.52,4,640
50001054,12,28,2022,2do semestre,671.86,12,2940
163806535,12,28,2022,2do semestre,706.74,50,3160
3001351,12,28,2022,2do semestre,900.91,0,3600
170796743,12,28,2022,2do semestre,1053.24,41,2560
13001019,12,28,2022,2do semestre,1111.04,35,4000
18792324,12,28,2022,2do semestre,1226.4,41,4900
150549252,12,28,2022,2do semestre,1277.39,40,4000
17791530,12,28,2022,2do semestre,1446.11,27,6613
13001327,12,28,2022,2do semestre,2033.19,38,8760
13001218,12,28,2022,2do semestre,2067.13,54,8280
18792946,12,28,2022,2do semestre,2078.27,43,9203
1707900616,12,28,2022,2do semestre,2166.35,94,5920
18790336,12,28,2022,2do semestre,2543.56,52,10400
18792953,12,28,2022,2do semestre,2634.09,54,11656
17790969,12,28,2022,2do semestre,3051.73,117,9520
17791158,12,28,2022,2do semestre,3103.9,66,12160
17791239,12,28,2022,2do semestre,3430.33,89,13497
18792647,12,28,2022,2do semestre,3486.97,75,14962
13000875,12,28,2022,2do semestre,6926.04,133,28160
14000987,12,28,2022,2do semestre,7117.14,182,26180
14000888,12,28,2022,2do semestre,7339.89,196,28320
3143290146,12,28,2022,2do semestre,11324.43,276,41600
3143240218,12,28,2022,2do semestre,11508.72,228,57050
3180050301,12,28,2022,2do semestre,31756.19,651,155400
3143240198,12,28,2022,2do semestre,72637.99,1392,363915
5070279,12,28,2023,2do semestre,0,0,0
13001327,12,28,2023,2do semestre,0,0,0
18792647,12,28,2023,2do semestre,0,61.2,1760
18792946,12,28,2023,2do semestre,0,0,0
18792953,12,28,2023,2do semestre,0,60.08,5680
23990876,12,28,2023,2do semestre,0,66.72,10400
5070182,12,28,2023,2do semestre,2.31,0,0
62086091,12,28,2023,2do semestre,2.31,0,0
5070427,12,28,2023,2do semestre,3.45,0,18
5073556,12,28,2023,2do semestre,3.61,0,19
2309106513,12,28,2023,2do semestre,6.29,0,37
14000318,12,28,2023,2do semestre,6.74,0.08,40
1809126635,12,28,2023,2do semestre,6.88,0,41
5070428,12,28,2023,2do semestre,7.48,0,45
712986,12,28,2023,2do semestre,8.3,1,40
5073553,12,28,2023,2do semestre,8.68,0,53
5070258,12,28,2023,2do semestre,10.47,0,65
5070257,12,28,2023,2do semestre,11.81,0,74
5073555,12,28,2023,2do semestre,13.3,0,84
17846279,12,28,2023,2do semestre,16.05,2,160
5070181,12,28,2023,2do semestre,16.58,0,106
14100718,12,28,2023,2do semestre,17.78,0,114
5070426,12,28,2023,2do semestre,19.12,0,123
5070259,12,28,2023,2do semestre,20.6,0,133
5070425,12,28,2023,2do semestre,24.04,0,156
14102718,12,28,2023,2do semestre,25.83,0,168
15004519,12,28,2023,2do semestre,26.07,2.56,160
5070260,12,28,2023,2do semestre,29.11,0,190
69406118,12,28,2023,2do semestre,30,1.42,196
14100720,12,28,2023,2do semestre,38.07,0,250
78800436,12,28,2023,2do semestre,45.32,10,240
53064654,12,28,2023,2do semestre,173.46,4.36,855
3001351,12,28,2023,2do semestre,723.68,0,2900
50001054,12,28,2023,2do semestre,893.57,19.68,3060
18792324,12,28,2023,2do semestre,973.68,32.2,3900
13001019,12,28,2023,2do semestre,1210.17,28,5120
163806535,12,28,2023,2do semestre,1301.39,43,3400
170796743,12,28,2023,2do semestre,1421.67,45,3920
23990650,12,28,2023,2do semestre,1485.69,29.88,5760
17791530,12,28,2023,2do semestre,1558.83,33,7008
150549252,12,28,2023,2do semestre,1647.62,40,5760
18790336,12,28,2023,2do semestre,1742.39,45.12,4800
13001218,12,28,2023,2do semestre,2267.24,53.76,9420
1707900616,12,28,2023,2do semestre,2733.84,78.56,9440
17791158,12,28,2023,2do semestre,2956.61,73.6,8640
17791239,12,28,2023,2do semestre,3307.85,70.2,14700
17790969,12,28,2023,2do semestre,4159.26,127.2,13360
13000875,12,28,2023,2do semestre,5767.93,124.8,20160
14000987,12,28,2023,2do semestre,6878.28,181.3,21980
14000888,12,28,2023,2do semestre,7745.7,205.68,28080
3143240218,12,28,2023,2do semestre,12098.1,277,54600
3143290146,12,28,2023,2do semestre,12422.09,276,45200
3180050301,12,28,2023,2do semestre,41321.37,945,186900
3143240198,12,28,2023,2do semestre,76176.53,1659,351955
627568,12,24,2024,2do semestre,0,0,25
13001019,12,24,2024,2do semestre,0,25,4160
13001218,12,24,2024,2do semestre,0,56,9660
15004519,12,24,2024,2do semestre,0,0,480
62086091,12,24,2024,2do semestre,1.12,0,0
5070182,12,24,2024,2do semestre,2.3,0,0
184586134,12,31,2024,2do semestre,2.38,0,0
5073556,12,24,2024,2do semestre,2.98,0,0
14000318,12,24,2024,2do semestre,3.23,0,0
5070181,12,24,2024,2do semestre,4.74,0,24
1809126635,12,24,2024,2do semestre,7.12,0,37
2309106513,12,24,2024,2do semestre,8.83,0,49
5073553,12,24,2024,2do semestre,9.12,0,53
5070257,12,24,2024,2do semestre,9.48,0,54
5073555,12,24,2024,2do semestre,10.9,0,69
5070428,12,24,2024,2do semestre,12.55,0,76
5070259,12,24,2024,2do semestre,15.57,0,96
5070260,12,24,2024,2do semestre,17.91,0,120
5070427,12,24,2024,2do semestre,19.06,0,124
5070258,12,24,2024,2do semestre,20.43,0,139
5070426,12,24,2024,2do semestre,20.49,0,144
14100718,12,24,2024,2do semestre,20.83,0,131
14102718,12,24,2024,2do semestre,21.46,0,135
5070425,12,24,2024,2do semestre,27.77,0,187
17846279,12,31,2024,2do semestre,28.99,1,160
218400842,12,24,2024,2do semestre,37.74,0,250
14100720,12,24,2024,2do semestre,43.39,0,286
78800436,12,31,2024,2do semestre,96.97,14,480
53064654,12,24,2024,2do semestre,169.02,0,840
3001351,12,24,2024,2do semestre,975,0,3900
50001054,12,24,2024,2do semestre,1055.69,19,3840
170796743,12,31,2024,2do semestre,1134.66,32,3760
163806535,12,31,2024,2do semestre,1192.64,40,3400
18792324,12,24,2024,2do semestre,1325,0,5300
23991862,12,24,2024,2do semestre,1393.66,34,5440
23990650,12,24,2024,2do semestre,1813.3,35,6120
18792953,12,24,2024,2do semestre,2123.26,56,8000
150549252,12,31,2024,2do semestre,2209.02,40,9520
18790336,12,24,2024,2do semestre,2453.92,57,6240
18792647,12,24,2024,2do semestre,2910.97,76,11200
1707900616,12,24,2024,2do semestre,2986.18,94,17373
17791158,12,24,2024,2do semestre,3118.06,64,9760
23990876,12,24,2024,2do semestre,3139.97,75,12640
17791239,12,24,2024,2do semestre,3593.94,84,16200
17790969,12,24,2024,2do semestre,3896.44,136,19539
14000987,12,24,2024,2do semestre,5592.75,158,23940
14000888,12,24,2024,2do semestre,5733.49,181,25200
13000875,12,24,2024,2do semestre,6922.35,128,23840
3143290146,12,31,2024,2do semestre,9603.14,192,38800
3143240218,12,31,2024,2do semestre,13126.37,266,64050
3180050301,12,31,2024,2do semestre,38423.46,903,176400
3143240198,12,31,2024,2do semestre,70034.64,1495,334347
17846279,2,28,2025,Verano,29.48,37,160
78800436,2,28,2025,Verano,181.17,12,800
163806535,2,28,2025,Verano,1273.54,32,4640
170796743,2,28,2025,Verano,1990.8,57,6640
184586134,2,28,2025,Verano,2.37,0,0
197059268,2,28,2025,Verano,2052.14,39,8680
3143240198,2,28,2025,Verano,101953.46,1453,551410
3143240218,2,28,2025,Verano,15195.69,273,77350
3143290146,2,28,2025,Verano,11308.82,204,47600
14000987,2,28,2025,Verano,7342.19,153,28840
13001218,2,28,2025,Verano,5320.10,59,30060
627568,2,28,2025,Verano,0,0,196
15004519,2,28,2025,Verano,0,5,720
17790969,2,28,2025,Verano,4719.77,136,17520
1707900616,2,28,2025,Verano,3015,69,13120
13001019,2,28,2025,Verano,0,37,6400
18792647,2,28,2025,Verano,2879.14,76,10080
23990876,2,28,2025,Verano,3231.55,75,12960
23992977,2,28,2025,Verano,2012.49,56,7040
17791239,2,28,2025,Verano,3641.54,59,18900
53064654,2,28,2025,Verano,146.79,4,760
14000318,2,28,2025,Verano,3.2,0,0
5070182,2,28,2025,Verano,2.85,0,13
62086091,2,28,2025,Verano,3.09,0,23
5070181,2,28,2025,Verano,2.75,0,8
2309106513,2,28,2025,Verano,8.58,0,46
5070260,2,28,2025,Verano,13.23,0,85
5070259,2,28,2025,Verano,13.01,0,77
5070257,2,28,2025,Verano,9.42,0,52
5070258,2,28,2025,Verano,11.33,0,74
5070427,2,28,2025,Verano,11.79,0,72
5070425,2,28,2025,Verano,36.24,0,240
5070426,2,28,2025,Verano,24.63,0,169
5070428,2,28,2025,Verano,14.06,0,84
5073555,2,28,2025,Verano,10.85,0,67
5073556,2,28,2025,Verano,23.34,0,146
5073553,2,28,2025,Verano,8.43,0,47
14102718,2,28,2025,Verano,24.71,0,154
218400842,2,28,2025,Verano,29.69,2,186
1809126635,2,28,2025,Verano,7.83,0,41
14100720,2,28,2025,Verano,42.77,0,275
14100718,2,28,2025,Verano,12.48,0,71
23991862,2,28,2025,Verano,1812.34,34,8640
18790336,2,28,2025,Verano,2228.84,57,6160
23990650,2,28,2025,Verano,1914.89,35,8040
17791158,2,28,2025,Verano,3649.09,78,12800
13000875,2,28,2025,Verano,6869.26,123,28320
50001054,2,28,2025,Verano,1277.62,22,5640
3001351,2,28,2025,Verano,801.76,0,3200
18792324,2,28,2025,Verano,1102.7,24,4400
17846279,3,31,2025,1er semestre,29.35,1,160
170796743,3,31,2025,1er semestre,1460.33,35,5280
78800436,3,31,2025,1er semestre,130.94,10,640
197059268,3,31,2025,1er semestre,1693.79,36,6520
163806535,3,31,2025,1er semestre,1188.95,25,4600
184586134,3,31,2025,1er semestre,2.33,0,0
3143290146,3,31,2025,1er semestre,12617.08,220,52000
3143240218,3,31,2025,1er semestre,15221.63,280,74900
3143240198,3,31,2025,1er semestre,96624.69,1472,497790
3180050301,3,31,2025,1er semestre,64164.77,924,336000
14000888,2,28,2025,Verano,8860.97,188,37680
3180050301,2,28,2025,Verano,60971.57,798,336000
14000987,3,31,2025,1er semestre,6438.97,153,21560
13001218,3,31,2025,1er semestre,3361.7,58,15677
627568,3,31,2025,1er semestre,0,0,89
15004519,3,31,2025,1er semestre,0,4,800
14000888,3,31,2025,1er semestre,7829.16,172,31440
17790969,3,31,2025,1er semestre,4221.69,136,13360
1707900616,3,31,2025,1er semestre,2127.72,53,8480
13001019,3,31,2025,1er semestre,656.3,34,5920
18792647,3,31,2025,1er semestre,2531.25,76,7760
23990876,3,31,2025,1er semestre,2870.07,75,9760
23992977,3,31,2025,1er semestre,1693.04,56,4560
17791239,3,31,2025,1er semestre,3259.59,63,15900
53064654,3,31,2025,1er semestre,115.44,4,600
14000318,3,31,2025,1er semestre,2.17,0,0
5070182,3,31,2025,1er semestre,1.28,0,4
62086091,3,31,2025,1er semestre,0.06,0,0
5070181,3,31,2025,1er semestre,1.68,0,0
2309106513,3,31,2025,1er semestre,4.87,0,27
5070260,3,31,2025,1er semestre,6.91,0,47
5070259,3,31,2025,1er semestre,18.97,0,118
5070257,3,31,2025,1er semestre,6.87,0,40
5070258,3,31,2025,1er semestre,12.38,0,84
5070427,3,31,2025,1er semestre,9.92,0,63
5070425,3,31,2025,1er semestre,34.97,0,229
5070426,3,31,2025,1er semestre,23.45,0,161
5070428,3,31,2025,1er semestre,8.68,0,52
5073555,3,31,2025,1er semestre,10.09,0,66
5073556,3,31,2025,1er semestre,21.28,0,136
5073553,3,31,2025,1er semestre,7.53,0,46
14102718,3,31,2025,1er semestre,19.97,0,123
218400842,3,31,2025,1er semestre,25.32,1,156
1809126635,3,31,2025,1er semestre,5.84,0,33
14100720,3,31,2025,1er semestre,36.16,0,227
14100718,3,31,2025,1er semestre,14.63,0,89
23991862,3,31,2025,1er semestre,1510.76,34,5760
18790336,3,31,2025,1er semestre,2099.62,57,4880
23990650,3,31,2025,1er semestre,2110.87,42,8040
17791158,3,31,2025,1er semestre,3129.47,67,10880
13000875,3,31,2025,1er semestre,6179.14,117,24000
50001054,3,31,2025,1er semestre,1222.26,22,5160
3001351,3,31,2025,1er semestre,875,0,3500
18792324,3,31,2025,1er semestre,1100,26,4400
3143240198,4,30,2025,1er semestre,114934.44,1667,586121
3180050301,4,30,2025,1er semestre,64913.99,945,333900
3143290146,4,30,2025,1er semestre,13176.25,212,54800
3143240218,4,30,2025,1er semestre,16982.19,291,82950
184586134,4,30,2025,1er semestre,2.36,0,0
170796743,4,30,2025,1er semestre,2855.25,68,10320
197059268,4,30,2025,1er semestre,2400.79,41,10080
163806535,4,30,2025,1er semestre,2771.74,70,9680
78800436,4,30,2025,1er semestre,244.13,14,1040
17846279,4,30,2025,1er semestre,30.28,1,160
18790336,4,30,2025,1er semestre,2559.26,57,8160
23990650,4,30,2025,1er semestre,2475.71,44,10080
17791158,4,30,2025,1er semestre,5056,118,14880
13000875,4,30,2025,1er semestre,8935.46,168,33280
50001054,4,30,2025,1er semestre,1320.47,21,5820
3001351,4,30,2025,1er semestre,776.11,0,3100
18792324,4,30,2025,1er semestre,1302.06,30,5200
14000987,4,30,2025,1er semestre,11079.83,219,41160
13001218,4,30,2025,1er semestre,1269.07,69,0
627568,4,30,2025,1er semestre,0,0,122
15004519,4,30,2025,1er semestre,0,7,880
14000888,4,30,2025,1er semestre,13977.4,255,56880
17790969,4,30,2025,1er semestre,5970.18,139,23440
1707900616,4,30,2025,1er semestre,4094.88,87,16640
13001019,4,30,2025,1er semestre,1811.59,43,6720
18792647,4,30,2025,1er semestre,3638.98,76,13920
23990876,4,30,2025,1er semestre,4038.56,75,16800
23992977,4,30,2025,1er semestre,2999.4,69,11360
17791239,4,30,2025,1er semestre,3480.09,62,15913
53064654,4,30,2025,1er semestre,185.1,4,840
14000318,4,30,2025,1er semestre,3.24,0,0
5070182,4,30,2025,1er semestre,10.25,0,59
62086091,4,30,2025,1er semestre,1.15,0,3
5070181,4,30,2025,1er semestre,2.75,0,1
2309106513,4,30,2025,1er semestre,6.32,0,28
5070260,4,30,2025,1er semestre,24.17,0,145
5070259,4,30,2025,1er semestre,19.21,0,107
5070257,4,30,2025,1er semestre,15.45,0,85
5070258,4,30,2025,1er semestre,24.7,0,149
5070427,4,30,2025,1er semestre,20.85,0,120
5070425,4,30,2025,1er semestre,37.02,0,224
5070426,4,30,2025,1er semestre,36.29,0,227
5070428,4,30,2025,1er semestre,15.6,0,86
5073555,4,30,2025,1er semestre,11.99,0,68
5073556,4,30,2025,1er semestre,28.89,0,171
5073553,4,30,2025,1er semestre,8.8,0,45
14102718,4,30,2025,1er semestre,19.71,0,108
218400842,4,30,2025,1er semestre,56.45,1,326
1809126635,4,30,2025,1er semestre,7.64,0,36
14100720,4,30,2025,1er semestre,44.57,0,261
14100718,4,30,2025,1er semestre,23.24,0,131
23991862,4,30,2025,1er semestre,1762.43,34,7360
3180050301,5,31,2025,1er semestre,62285.25,945,317100
3143240198,5,31,2025,1er semestre,118217.16,1643,614078
3143290146,5,31,2025,1er semestre,13458.39,236,54800
3143240218,5,31,2025,1er semestre,17759.14,305,87500
170796743,5,31,2025,1er semestre,2947.4,68,11200
197059268,5,31,2025,1er semestre,2628.47,40,11840
163806535,5,31,2025,1er semestre,3033.26,76,10920
184586134,5,31,2025,1er semestre,1.49,0,0
17846279,5,31,2025,1er semestre,35.23,1,200
78800436,5,31,2025,1er semestre,258.62,14,1120
14000987,5,31,2025,1er semestre,11718.07,226,44520
24990684,5,31,2025,1er semestre,3304.55,69,13380
627568,5,31,2025,1er semestre,0,0,94
15004519,5,31,2025,1er semestre,0,7,880
14000888,5,31,2025,1er semestre,13285.16,252,53760
17790969,5,31,2025,1er semestre,6101.19,139,24480
1707900616,5,31,2025,1er semestre,4196.84,95,16480
13001019,5,31,2025,1er semestre,1533.09,36,5760
18792647,5,31,2025,1er semestre,3930.83,81,15760
23990876,5,31,2025,1er semestre,3798.93,75,15840
23992977,5,31,2025,1er semestre,3549.98,70,14160
17791239,5,31,2025,1er semestre,4983.95,82,23987
53064654,5,31,2025,1er semestre,230.2,4,1000
14000318,5,31,2025,1er semestre,3.16,0,0
5070182,5,31,2025,1er semestre,24.1,0,147
62086091,5,31,2025,1er semestre,1.09,0,0
5070181,5,31,2025,1er semestre,2.68,0,0
2309106513,5,31,2025,1er semestre,6.13,0,28
5070260,5,31,2025,1er semestre,24.86,0,156
5070259,5,31,2025,1er semestre,18.23,0,107
5070257,5,31,2025,1er semestre,16.97,0,98
5070258,5,31,2025,1er semestre,27.42,0,172
5070427,5,31,2025,1er semestre,18.42,0,111
5070425,5,31,2025,1er semestre,39.11,0,244
5070426,5,31,2025,1er semestre,35.55,0,228
5070428,5,31,2025,1er semestre,20.54,0,120
5073555,5,31,2025,1er semestre,12.68,0,75
5073556,5,31,2025,1er semestre,20.8,0,141
5073553,5,31,2025,1er semestre,8.96,0,48
14102718,5,31,2025,1er semestre,18.33,0,105
218400842,5,31,2025,1er semestre,55.67,2,329
1809126635,5,31,2025,1er semestre,8.66,0,44
14100720,5,31,2025,1er semestre,48.46,0,295
14100718,5,31,2025,1er semestre,34.83,0,209
23991862,5,31,2025,1er semestre,1944.58,34,8640
18790336,5,31,2025,1er semestre,2872.63,57,10640
23990650,5,31,2025,1er semestre,2688.55,47,11160
17791158,5,31,2025,1er semestre,5562.26,118,18720
13000875,5,31,2025,1er semestre,9124.42,161,36160
50001054,5,31,2025,1er semestre,1367.89,22,6060
3001351,5,31,2025,1er semestre,1000,0,4000
18792324,5,31,2025,1er semestre,1500,35,6000
184586134,6,30,2025,1er semestre,2.38,0,0
170796743,6,30,2025,1er semestre,2888.57,72,10560
197059268,6,30,2025,1er semestre,2448.66,41,10720
163806535,6,30,2025,1er semestre,2805.86,72,10000
17846279,6,30,2025,1er semestre,43.2,1,240
78800436,6,30,2025,1er semestre,291.55,14,1280
3143290146,6,30,2025,1er semestre,11978.67,204,50400
3143240218,6,30,2025,1er semestre,15578.69,266,78750
3180050301,6,30,2025,1er semestre,56550.07,840,296100
14000987,6,30,2025,1er semestre,9541.18,214,32200
24990684,6,30,2025,1er semestre,3003.72,69,11400
627568,6,30,2025,1er semestre,0,0,140
15004519,6,30,2025,1er semestre,0,7,1360
14000888,6,30,2025,1er semestre,13363.63,248,54960
17790969,6,30,2025,1er semestre,6201.08,139,25040
1707900616,6,30,2025,1er semestre,4116.66,82,17440
13001019,6,30,2025,1er semestre,1755.61,40,6720
18792647,6,30,2025,1er semestre,4148.83,75,18000
23990876,6,30,2025,1er semestre,4029.62,75,16640
23992977,6,30,2025,1er semestre,3160.93,58,13440
17791239,6,30,2025,1er semestre,4449.06,72,21300
53064654,6,30,2025,1er semestre,259.59,17,1080
14000318,6,30,2025,1er semestre,3.22,0,0
5070182,6,30,2025,1er semestre,2.37,0,5
62086091,6,30,2025,1er semestre,1.18,0,6
5070181,6,30,2025,1er semestre,3.05,0,11
2309106513,6,30,2025,1er semestre,7.25,0,34
5070260,6,30,2025,1er semestre,25.59,0,158
5070259,6,30,2025,1er semestre,19.21,0,111
5070257,6,30,2025,1er semestre,20.38,0,118
5070258,6,30,2025,1er semestre,33.6,0,208
5070427,6,30,2025,1er semestre,19.14,0,113
5070425,6,30,2025,1er semestre,39.75,0,244
5070426,6,30,2025,1er semestre,36.2,0,229
5070428,6,30,2025,1er semestre,21.31,0,123
5073555,6,30,2025,1er semestre,13.07,0,76
5073556,6,30,2025,1er semestre,37.44,0,226
5073553,6,30,2025,1er semestre,9.47,0,50
14102718,6,30,2025,1er semestre,24.03,0,138
218400842,6,30,2025,1er semestre,56.31,2,328
1809126635,6,30,2025,1er semestre,8.02,0,39
14100720,6,30,2025,1er semestre,47.02,0,280
14100718,6,30,2025,1er semestre,56.22,0,329
23991862,6,30,2025,1er semestre,2133.18,34,9920
18790336,6,30,2025,1er semestre,2782.1,57,10720
23990650,6,30,2025,1er semestre,2596.45,44,11880
17791158,6,30,2025,1er semestre,4792.71,91,19520
13000875,6,30,2025,1er semestre,9080.46,156,39360
50001054,6,30,2025,1er semestre,1246.46,21,5760
3001351,6,30,2025,1er semestre,725,0,2900
18792324,6,30,2025,1er semestre,1100,30,4400
3143240198,6,30,2025,1er semestre,107571.06,1574,566680
3143290146,7,31,2025,1er semestre,13492.06,216,57600
3143240218,7,31,2025,1er semestre,16974.39,273,87500
3180050301,7,31,2025,1er semestre,62304.27,861,333900
3143240198,7,31,2025,1er semestre,111175.6,1550,594521
184586134,7,31,2025,1er semestre,2.02,1,0
170796743,7,31,2025,1er semestre,2765.67,62,10560
197059268,7,31,2025,1er semestre,2498.01,38,11280
163806535,7,31,2025,1er semestre,2740.08,69,9720
17846279,7,31,2025,1er semestre,36.05,2,200
78800436,7,31,2025,1er semestre,200.62,7,880
18790336,7,31,2025,1er semestre,2708.53,57,10080
23990650,7,31,2025,1er semestre,2471.61,45,10560
17791158,7,31,2025,1er semestre,4752.89,89,19360
13000875,7,31,2025,1er semestre,8805.71,151,37760
50001054,7,31,2025,1er semestre,1357.78,22,6300
3001351,7,31,2025,1er semestre,674.58,0,2700
18792324,7,31,2025,1er semestre,999.58,24,4000
14000987,7,31,2025,1er semestre,9185.99,74,47320
24990684,7,31,2025,1er semestre,2456.88,70,8080
627568,7,31,2025,1er semestre,0,0,135
15004519,7,31,2025,1er semestre,0,6,640
14000888,7,31,2025,1er semestre,12908.91,242,52800
17790969,7,31,2025,1er semestre,6123.22,139,23360
1707900616,7,31,2025,1er semestre,4288.28,91,17120
13001019,7,31,2025,1er semestre,1432.03,31,5760
18792647,7,31,2025,1er semestre,3801.48,75,15920
23990876,7,31,2025,1er semestre,3744.68,77,15360
17791239,7,31,2025,1er semestre,4813.7,71,21600
53064654,7,31,2025,1er semestre,270.67,4,1120
23992977,7,31,2025,1er semestre,3139.19,65,12880
14000318,7,31,2025,1er semestre,2.57,0,0
5070182,7,31,2025,1er semestre,2.56,0,2
62086091,7,31,2025,1er semestre,2.51,0,1
5070181,7,31,2025,1er semestre,2.6,0,0
2309106513,7,31,2025,1er semestre,5.88,0,28
5070260,7,31,2025,1er semestre,28.91,0,171
5070259,7,31,2025,1er semestre,22.74,0,132
5070257,7,31,2025,1er semestre,21.61,0,126
5070258,7,31,2025,1er semestre,28.25,0,167
5070427,7,31,2025,1er semestre,14.32,0,80
5070426,7,31,2025,1er semestre,36.11,0,213
5070428,7,31,2025,1er semestre,18.15,0,104
5070425,7,31,2025,1er semestre,41.02,0,241
5073555,7,31,2025,1er semestre,13.43,0,74
5073556,7,31,2025,1er semestre,24.25,0,141
5073553,7,31,2025,1er semestre,10.4,0,56
14102718,7,31,2025,1er semestre,25.37,0,145
218400842,7,31,2025,1er semestre,47.74,2,285
1809126635,7,31,2025,1er semestre,8.33,0,43
14100720,7,31,2025,1er semestre,45.97,0,270
14100718,7,31,2025,1er semestre,59.54,0,356
23991862,3,28,2024,1er semestre,1086.12,28.1,4160
23992977,9,28,2024,2do semestre,2789.07,56,13004
23992977,10,28,2024,2do semestre,2794.16,56,13040
23992977,11,28,2024,2do semestre,2094.13,56,9040
170796743,8,31,2025,2do semestre,2309.13,58,8240
197059268,8,31,2025,2do semestre,2292.67,38,10080
17846279,8,31,2025,2do semestre,36.2,2,200
78800436,8,31,2025,2do semestre,183.3,15,800
163806535,8,31,2025,2do semestre,2294.55,64,7440
184586134,8,31,2025,2do semestre,64.79,3,320
3180050301,8,31,2025,2do semestre,58021.5,903,300300
3143290146,8,31,2025,2do semestre,12275.02,200,52000
3143240218,8,31,2025,2do semestre,15420.19,263,77700
3143240198,8,31,2025,2do semestre,107965.93,1563,569842
14000987,8,31,2025,2do semestre,8741.11,214,27440
24990684,8,31,2025,2do semestre,4105.45,69,17720
627568,8,31,2025,2do semestre,0,0,0
15004519,8,31,2025,2do semestre,0,8,960
14000888,8,31,2025,2do semestre,10911.26,234,40800
17790969,8,31,2025,2do semestre,5448.23,139,18640
1707900616,8,31,2025,2do semestre,3267.67,78,11840
13001019,8,31,2025,2do semestre,1872.53,44,6880
18792647,8,31,2025,2do semestre,3536.87,75,12880
23990876,8,31,2025,2do semestre,3777.17,84,13760
23992977,8,21,2025,2do semestre,2540.98,65,8480
17791239,8,31,2025,2do semestre,4118.69,67,18000
53064654,8,31,2025,2do semestre,179.21,4,840
14000318,8,31,2025,2do semestre,2.96,0,0
5070182,8,31,2025,2do semestre,3.11,0,9
62086091,8,31,2025,2do semestre,3.29,0,11
5070181,8,31,2025,2do semestre,3.01,0,3
2309106513,8,31,2025,2do semestre,6.33,0,29
5070260,8,31,2025,2do semestre,33.05,0,191
5070259,8,31,2025,2do semestre,28.09,0,161
5070257,8,31,2025,2do semestre,14.29,0,77
5070258,8,31,2025,2do semestre,25.99,0,148
5070427,8,31,2025,2do semestre,11.46,0,60
5070425,8,31,2025,2do semestre,36.96,0,215
5070426,8,31,2025,2do semestre,37.78,0,220
5070428,8,31,2025,2do semestre,13.12,0,70
5073555,8,31,2025,2do semestre,13.12,0,70
5073556,8,31,2025,2do semestre,40.92,0,239
5073553,8,31,2025,2do semestre,10.8,0,56
14102718,8,31,2025,2do semestre,23.35,0,132
218400842,8,31,2025,2do semestre,41.51,1,261
1809126635,8,31,2025,2do semestre,8.53,0,42
14100720,8,31,2025,2do semestre,42.57,0,249
14100718,8,31,2025,2do semestre,84.95,0,288
23991862,8,31,2025,2do semestre,1831.94,34,7278
3001351,8,31,2025,2do semestre,875,0,3500
18790336,8,31,2025,2do semestre,2340.16,57,7200
23990650,8,31,2025,2do semestre,2166.33,39,9360
17791158,8,31,2025,2do semestre,4168.4,95,13920
13000875,8,31,2025,2do semestre,8376.2,159,33280
50001054,8,31,2025,2do semestre,1468.94,26,6420
18792324,8,31,2025,2do semestre,1400,38,5600
23991862,7,31,2025,1er semestre,,34,8082
69406118,7,31,2024,1er semestre,,2,150
69406118,8,31,2024,2do semestre,,2,150
3143290146,9,30,2025,2do semestre,12000.98,200,50800
3143240218,9,30,2025,2do semestre,16380.35,277,83300
3143240198,9,30,2025,2do semestre,107890.65,1550,573300
3180050301,9,30,2025,2do semestre,60924.04,903,321300
170796743,9,30,2025,2do semestre,2761.19,58,10880
197059268,9,30,2025,2do semestre,2469.78,40,10920
17846279,9,30,2025,2do semestre,50.37,1,280
78800436,9,30,2025,2do semestre,148.32,13,720
184586134,9,30,2025,2do semestre,35.94,2,200
163806535,9,30,2025,2do semestre,2084.48,69,10080
14000987,9,30,2025,2do semestre,11822.45,214,45500
24990684,9,30,2025,2do semestre,3413.57,69,13620
627568,9,30,2025,2do semestre,0,0,73
15004519,9,30,2025,2do semestre,0,6,800
14000888,9,30,2025,2do semestre,14199.64,263,55920
17790969,9,30,2025,2do semestre,6022.02,138,22000
1707900616,9,30,2025,2do semestre,4125.05,79,16800
13001019,9,30,2025,2do semestre,2109.19,58,6880
1809126635,9,30,2025,2do semestre,5.88,0,29
18792647,9,30,2025,2do semestre,3729.63,75,14720
23990876,9,30,2025,2do semestre,3960.36,84,15040
23992977,9,30,2025,2do semestre,3354.84,64,13440
17791239,9,30,2025,2do semestre,4500.08,68,19800
14000318,9,30,2025,2do semestre,2.45,0,0
5070182,9,30,2025,2do semestre,2.69,0,9
62086091,9,30,2025,2do semestre,2.58,0,9
5070181,9,30,2025,2do semestre,2.48,0,2
2309106513,9,30,2025,2do semestre,6.37,0,32
5070260,9,30,2025,2do semestre,35.88,0,210
5070259,9,30,2025,2do semestre,30.08,0,175
5070257,9,30,2025,2do semestre,22.99,0,132
5070258,9,30,2025,2do semestre,38.84,0,228
5070427,9,30,2025,2do semestre,15.5,0,86
5070425,9,30,2025,2do semestre,46.38,0,273
5070426,9,30,2025,2do semestre,38.84,0,227
5070428,9,30,2025,2do semestre,25.63,0,148
5073555,9,30,2025,2do semestre,14.23,0,79
5073556,9,30,2025,2do semestre,24.16,0,138
5073553,9,30,2025,2do semestre,10.19,0,55
14102718,9,30,2025,2do semestre,31.08,0,181
218400842,9,30,2025,2do semestre,64.55,1,373
14100720,9,30,2025,2do semestre,40.93,0,239
14100718,9,30,2025,2do semestre,61.17,0,357
23991862,9,30,2025,2do semestre,1973.74,33,8320
18790336,9,30,2025,2do semestre,2624.81,56,9520
23990650,9,30,2025,2do semestre,1931.94,35,8400
17791158,9,30,2025,2do semestre,4213.26,81,16800
13000875,9,30,2025,2do semestre,8015.85,139,34560
50001054,9,30,2025,2do semestre,1378.73,22,6360
3001351,9,30,2025,2do semestre,1149.57,0,4600
18792324,9,30,2025,2do semestre,1674.57,42,6700
53064654,9,30,2025,2do semestre,244.8,0,1035
3180050301,10,31,2025,2do semestre,63050.53,882,336000
3143240198,10,31,2025,2do semestre,114035.29,1530,613598
3143290146,10,31,2025,2do semestre,12741.03,212,53600
3143240218,10,31,2025,2do semestre,16335.37,266,86650
17846279,10,31,2025,2do semestre,43.06,2,240
78800436,10,31,2025,2do semestre,146.42,13,720
184586134,10,31,2025,2do semestre,43.05,2,240
170796743,10,31,2025,2do semestre,2842.74,61,11120
197059268,10,31,2025,2do semestre,2580.26,38,11760
163806535,10,31,2025,2do semestre,2922.72,65,11120
14000987,10,31,2025,2do semestre,11083,195,42980
24990684,10,31,2025,2do semestre,3107.87,56,12960
627568,10,31,2025,2do semestre,0,0,75
15004519,10,31,2025,2do semestre,0,6,880
14000888,10,31,2025,2do semestre,13388.66,248,52800
17790969,10,31,2025,2do semestre,5840.65,138,20720
24980011,10,31,2025,2do semestre,3700.62,70,15040
13001019,10,31,2025,2do semestre,2118.34,49,7840
18792647,10,31,2025,2do semestre,3629.52,75,14160
23990876,10,31,2025,2do semestre,4602.29,84,18720
23992977,10,31,2025,2do semestre,3491.23,65,14080
17791239,10,31,2025,2do semestre,4549.82,68,19800
53064654,10,31,2025,2do semestre,341.86,4,1325
14000318,10,31,2025,2do semestre,2.53,0,0
5070182,10,31,2025,2do semestre,2.91,0,2
62086091,10,31,2025,2do semestre,3.35,0,14
5070181,10,31,2025,2do semestre,2.55,0,2
2309106513,10,31,2025,2do semestre,6.31,0,31
5070260,10,31,2025,2do semestre,31.23,0,180
5070259,10,31,2025,2do semestre,28.8,0,166
5070257,10,31,2025,2do semestre,16.29,0,90
5070258,10,31,2025,2do semestre,31.76,0,183
5070427,10,31,2025,2do semestre,15.98,0,88
5070425,10,31,2025,2do semestre,17.16,0,243
5070426,10,31,2025,2do semestre,34.83,0,201
5070428,10,31,2025,2do semestre,22.93,0,130
5073555,10,31,2025,2do semestre,13.55,0,74
5073556,10,31,2025,2do semestre,26.57,0,152
5073553,10,31,2025,2do semestre,9.23,0,48
14102718,10,31,2025,2do semestre,28.15,0,162
218400842,10,31,2025,2do semestre,54.35,1,320
1809126635,10,31,2025,2do semestre,5.67,0,27
14100720,10,31,2025,2do semestre,40.34,0,233
14100718,10,31,2025,2do semestre,58.31,0,350
23991862,10,31,2025,2do semestre,2069.76,33,8960
18790336,10,31,2025,2do semestre,2720.98,56,10160
23990650,10,31,2025,2do semestre,2017.84,35,8760
17791158,10,31,2025,2do semestre,4442.01,84,17920
13000875,10,31,2025,2do semestre,8412.63,148,35360
50001054,10,31,2025,2do semestre,1395.52,22,6600
3001351,10,31,2025,2do semestre,1374.65,0,5500
18792324,10,31,2025,2do semestre,1849.65,37,7400
184586134,11,30,2025,2do semestre,43.18,2,240
170796743,11,30,2025,2do semestre,2291.58,66,7280
197059268,11,30,2025,2do semestre,1949.64,33,8480
163806535,11,30,2025,2do semestre,2361.74,61,8200
17846279,11,30,2025,2do semestre,29.03,2,160
78800436,11,30,2025,2do semestre,114.45,13,560
3143290146,11,30,2025,2do semestre,10688.55,192,44000
3143240218,11,30,2025,2do semestre,14394.16,273,70350
3143240198,11,30,2025,2do semestre,93980.83,1539,481236
3180050301,11,30,2025,2do semestre,52343.83,966,258300
18790336,11,30,2025,2do semestre,2701.96,56,9520
23990650,11,30,2025,2do semestre,1819.42,35,6840
17791158,11,30,2025,2do semestre,4204.33,82,16480
13000875,11,30,2025,2do semestre,7813.27,146,30720
50001054,11,30,2025,2do semestre,1230.02,23,4860
3001351,11,30,2025,2do semestre,1374.66,0,5500
18792324,11,30,2025,2do semestre,1824.66,49,7300
14000987,11,30,2025,2do semestre,8850.76,185,33600
24990684,11,30,2025,2do semestre,3359.43,65,14445
627568,11,30,2025,2do semestre,0,0,66
15004519,11,30,2025,2do semestre,0,7,720
14000888,11,30,2025,2do semestre,10441.21,214,42000
17790969,11,30,2025,2do semestre,5120.24,138,17440
24980011,11,30,2025,2do semestre,3103.72,72,12000
13001019,11,30,2025,2do semestre,1785.81,40,7040
18792647,11,30,2025,2do semestre,2985.23,75,11040
23990876,11,30,2025,2do semestre,3546.85,84,13600
23992977,11,30,2025,2do semestre,2764.43,64,10720
17791239,11,30,2025,2do semestre,2911.59,9,17100
53064654,11,30,2025,2do semestre,228.38,4,1000
14000318,11,30,2025,2do semestre,2.54,0,0
5070182,11,30,2025,2do semestre,2.61,0,10
62086091,11,30,2025,2do semestre,4.54,0,22
5070181,11,30,2025,2do semestre,2.54,0,1
2309106513,11,30,2025,2do semestre,6.26,0,32
5070260,11,30,2025,2do semestre,26.57,0,159
5070259,11,30,2025,2do semestre,23.2,0,138
5070257,11,30,2025,2do semestre,9.63,0,52
5070258,11,30,2025,2do semestre,26.08,0,155
5070427,11,30,2025,2do semestre,12,0,67
5070425,11,30,2025,2do semestre,39.41,0,239
5070426,11,30,2025,2do semestre,34.77,0,210
5070428,11,30,2025,2do semestre,14.42,0,82
5073555,11,30,2025,2do semestre,14.43,0,83
5073556,11,30,2025,2do semestre,25.84,0,153
5073553,11,30,2025,2do semestre,12.3,0,70
14102718,11,30,2025,2do semestre,26.7,0,160
218400842,11,30,2025,2do semestre,47.69,1,290
1809126635,11,30,2025,2do semestre,5.47,0,27
14100720,11,30,2025,2do semestre,34.81,0,209
14100718,11,30,2025,2do semestre,53.74,0,333
23991862,11,30,2025,2do semestre,1667.03,33,7040
184586134,12,31,2025,2do semestre,50.21,2,280
170796743,12,31,2025,2do semestre,1762.41,49,5760
197059268,12,31,2025,2do semestre,1688.7,30,7200
163806535,12,31,2025,2do semestre,1759.22,50,5640
17846279,12,31,2025,2do semestre,21.9,2,120
78800436,12,31,2025,2do semestre,146.79,13,720
3143290146,12,31,2025,2do semestre,9305.93,176,37600
3143240218,12,31,2025,2do semestre,11706.63,259,53900
3143240198,12,31,2025,2do semestre,80817.28,1365,410013
3180050301,12,31,2025,2do semestre,44933.19,819,222600
18790336,12,31,2025,2do semestre,2484.09,57,7760
23990650,12,31,2025,2do semestre,2726.34,45,11640
17791158,12,31,2025,2do semestre,4024.65,88,13920
13000875,12,31,2025,2do semestre,8019.1,139,32800
50001054,12,31,2025,2do semestre,1388.91,23,5940
3001351,12,31,2025,2do semestre,1174.93,0,4700
18792324,12,31,2025,2do semestre,1474.93,32,5900
14000987,12,31,2025,2do semestre,9412.98,185,35700
627568,12,31,2025,2do semestre,0,0,135
15004519,12,13,2025,2do semestre,0,6,560
14000888,12,31,2025,2do semestre,10551.67,233,40080
17790969,12,31,2025,2do semestre,4447.83,139,13120
24980011,12,31,2025,2do semestre,2570.62,71,8640
13001019,12,31,2025,2do semestre,1767.22,40,6880
18792647,12,31,2025,2do semestre,3271.85,75,11920
23990876,12,31,2025,2do semestre,3610.17,84,12960
23992977,12,31,2025,2do semestre,2830.17,65,10320
17791239,12,31,2025,2do semestre,3675.75,69,15000
53064654,12,31,2025,2do semestre,192.92,4,830
14000318,12,31,2025,2do semestre,2.06,0,0
5070182,12,31,2025,2do semestre,3.67,0,19
62086091,12,31,2025,2do semestre,5.14,0,28
5070181,12,31,2025,2do semestre,3.67,0,19
2309106513,12,31,2025,2do semestre,8.02,0,45
5070260,12,31,2025,2do semestre,26.35,0,156
5070259,12,31,2025,2do semestre,20.31,0,119
5070257,12,31,2025,2do semestre,2.5,0,6
5070258,12,31,2025,2do semestre,32.37,0,194
5070427,12,31,2025,2do semestre,12.49,0,72
5070425,12,31,2025,2do semestre,33.3,0,198
5070426,12,31,2025,2do semestre,32.76,0,195
5070428,12,31,2025,2do semestre,6.77,0,36
5073555,12,31,2025,2do semestre,15.25,0,89
5073556,12,31,2025,2do semestre,22.74,0,133
5073553,12,31,2025,2do semestre,17.7,0,105
14102718,12,31,2025,2do semestre,14.87,0,85
218400842,12,31,2025,2do semestre,52.25,1,318
1809126635,12,31,2025,2do semestre,5.11,0,27
14100720,12,31,2025,2do semestre,30.7,0,181
14100718,12,31,2025,2do semestre,47.55,0,285
23991862,12,31,2025,2do semestre,1752.39,34,7360
78800436,1,31,2026,Verano,84.04,8,400
17846279,1,31,2026,Verano,36.75,2,200
184586134,1,31,2026,Verano,51.28,2,280
170796743,1,31,2026,Verano,1774.61,44,6320
197059268,1,31,2026,Verano,1996.08,34,8480
163806535,1,31,2026,Verano,1491.2,32,5720
3143240198,1,31,2026,Verano,94332.41,1342,483517
3180050301,1,31,2026,Verano,51093.11,798,256200
3143290146,1,31,2026,Verano,12260.19,196,51600
3143240218,1,31,2026,Verano,14895.42,270,71750
24990684,12,31,2025,2do semestre,1494.61,42,4935
14000987,1,31,2026,Verano,5032.45,112,15960
24990684,1,31,2026,Verano,2305.74,42,9540
627568,1,31,2026,Verano,0,0,72
15004519,1,31,2026,Verano,0,7,560
14000888,1,31,2026,Verano,8315.08,198,28320
17790969,1,31,2026,Verano,4312.21,139,10800
24980011,1,31,2026,Verano,2185.7,57,7040
13001019,1,31,2026,Verano,1524.77,42,4640
18792647,1,31,2026,Verano,2253.55,75,4960
23990876,1,31,2026,Verano,2844.96,84,7520
23992977,1,31,2026,Verano,1904.84,65,3920
17791239,1,31,2026,Verano,3927.73,78,15000
53064654,1,31,2026,Verano,130.12,4,640
14000318,1,31,2026,Verano,3.19,0,0
5070182,1,31,2026,Verano,3.19,0,0
62086091,1,31,2026,Verano,3.2,0,2
5070181,1,31,2026,Verano,3.16,0,0
2309106513,1,31,2026,Verano,6,0,27
5070260,1,31,2026,Verano,26.07,150,0
5070259,1,31,2026,Verano,9.59,0,49
5070257,1,31,2026,Verano,9.75,0,50
5070258,1,31,2026,Verano,17.81,0,98
5070427,1,31,2026,Verano,9.1,0,46
5070425,1,31,2026,Verano,31.65,0,181
5070426,1,31,2026,Verano,33.36,0,192
5070428,1,31,2026,Verano,6.44,0,28
5073555,1,31,2026,Verano,17.09,0,94
5073556,1,31,2026,Verano,11.32,0,58
5073553,1,31,2026,Verano,19.81,0,111
14102718,1,31,2026,Verano,13.52,0,71
218400842,1,31,2026,Verano,39.04,1,225
1809126635,1,31,2026,Verano,4.92,0,20
14100720,1,31,2026,Verano,32.4,0,186
14100718,1,31,2026,Verano,33.94,0,194
23991862,1,31,2026,Verano,1241.74,34,3520
18790336,1,31,2026,Verano,1869.35,57,3200
23990650,1,31,2026,Verano,1350.29,32,4080
17791158,1,31,2026,Verano,2418.7,63,6240
13000875,1,31,2026,Verano,4432.06,99,14400
50001054,1,31,2026,Verano,881.8,16,3600
3001351,1,31,2026,Verano,725,0,2900
18792324,1,31,2026,Verano,975,32,3900
3143290146,2,28,2026,Verano,11054.18,196,44400
3143240218,2,28,2026,Verano,13712,273,63000
3143240198,2,28,2026,Verano,90314.99,1367,449129
3180050301,2,28,2026,Verano,42647.29,861,195300
17846279,2,28,2026,Verano,44.59,2,200
78800436,2,28,2026,Verano,119.68,10,560
184586134,2,28,2026,Verano,37.28,1,200
170796743,2,28,2026,Verano,1623.78,36,6080
197059268,2,28,2026,Verano,1781.92,32,7320
163806535,2,28,2026,Verano,1584.39,38,5680
14000987,2,28,2026,Verano,7342.49,145,25060
24990684,2,28,2026,Verano,1689.05,0,10320
627568,2,28,2026,Verano,0,0,69
15004519,2,28,2026,Verano,0,6,720
14000888,2,28,2026,Verano,11201.73,222,41280
17790969,2,28,2026,Verano,5014.8,139,14720
24980011,2,28,2026,Verano,3181.7,68,11680
13001019,2,28,2026,Verano,2155.27,47,7840
18792647,2,28,2026,Verano,2779.24,75,8480
23990876,2,28,2026,Verano,3397.31,84,11200
23992977,2,28,2026,Verano,2854.82,65,10080
17791239,2,28,2026,Verano,2942.86,20,15527
53064654,2,28,2026,Verano,203.94,4,880
14000318,2,28,2026,Verano,3.16,0,0
5070182,2,28,2026,Verano,3.25,0,10
62086091,2,28,2026,Verano,3.18,0,2
5070181,2,28,2026,Verano,3.19,0,3
2309106513,2,28,2026,Verano,5.74,0,25
5070260,2,28,2026,Verano,27.16,0,154
5070259,2,28,2026,Verano,28.32,0,161
5070257,2,28,2026,Verano,3.16,0,0
5070258,2,28,2026,Verano,22.67,0,127
5070427,2,28,2026,Verano,13.22,0,70
5070425,2,28,2026,Verano,31.65,0,181
5070426,2,28,2026,Verano,31.97,0,183
5070428,2,28,2026,Verano,14.04,0,75
5073555,2,28,2026,Verano,16.37,0,89
5073556,2,28,2026,Verano,13.54,0,72
5073553,2,28,2026,Verano,16.7,0,91
14102718,2,28,2026,Verano,16.69,0,109
218400842,2,28,2026,Verano,47.91,1,279
1809126635,2,28,2026,Verano,4.58,0,18
14100720,2,28,2026,Verano,28.15,0,160
14100718,2,28,2026,Verano,43.59,0,253
23991862,2,28,2026,Verano,1679.4,34,6400
18790336,2,28,2026,Verano,2265.14,57,6080
23990650,2,28,2026,Verano,1969.55,35,8040
17791158,2,28,2026,Verano,4059,78,15200
13000875,2,28,2026,Verano,7202.71,126,28800
50001054,2,28,2026,Verano,1271.67,23,5100
3001351,2,28,2026,Verano,900,0,3600
18792324,2,28,2026,Verano,1325,34,5300
3143240218,3,31,2026,1er semestre,16008.23,277,75600
3180050301,3,31,2026,1er semestre,49600.04,735,243600
3143240198,3,31,2026,1er semestre,116181.48,1633,577890
3143290146,3,31,2026,1er semestre,13323.63,212,54400
197059268,3,31,2026,1er semestre,2264.85,37,9480
163806535,3,31,2026,1er semestre,2297.88,64,7160
170796743,3,31,2026,1er semestre,2095.85,53,7200
184586134,3,31,2026,1er semestre,45.35,2,240
78800436,3,31,2026,1er semestre,103.11,11,480
17846279,3,31,2026,1er semestre,15.8,16,160
18790336,3,31,2026,1er semestre,2088.07,57,4560
23990650,3,31,2026,1er semestre,2025.17,38,7560
17791158,3,31,2026,1er semestre,3386.86,75,10560
13000875,3,31,2026,1er semestre,7010.41,123,26880
50001054,3,31,2026,1er semestre,1242.1,21,5040
3001351,3,31,2026,1er semestre,775,0,3100
18792324,3,31,2026,1er semestre,1225,33,4900
269920326,3,31,2026,1er semestre,361,18,1360
258600637,3,31,2026,1er semestre,28.5,0,30
14000987,3,31,2026,1er semestre,7498.6,147,25200
24990684,3,31,2026,1er semestre,2220.66,41,8734
627568,3,31,2026,1er semestre,0,0,64
15004519,3,31,2026,1er semestre,0,5,560
14000888,3,31,2026,1er semestre,12721.41,267,44160
17790969,3,31,2026,1er semestre,5697.95,139,18320
24980011,3,31,2026,1er semestre,3533.84,81,12000
13001019,3,31,2026,1er semestre,2249.83,52,7680
18792647,3,31,2026,1er semestre,2556.81,75,6960
23990876,3,31,2026,1er semestre,3243.98,84,10080
23992977,3,31,2026,1er semestre,2597.69,65,8320
17791239,3,31,2026,1er semestre,7523.25,98,33073
53064654,3,31,2026,1er semestre,218.98,4,920
14000318,3,31,2026,1er semestre,2.63,0,0
5070182,3,31,2026,1er semestre,3.94,0,17
62086091,3,31,2026,1er semestre,2.92,0,11
5070181,3,31,2026,1er semestre,6.02,0,29
2309106513,3,31,2026,1er semestre,5.94,0,28
5070260,3,31,2026,1er semestre,32.2,0,179
5070259,3,31,2026,1er semestre,14.98,0,78
5070257,3,31,2026,1er semestre,3.2,0,1
5070258,3,31,2026,1er semestre,26.37,0,147
5070427,3,31,2026,1er semestre,15.98,0,86
5070425,3,31,2026,1er semestre,27.1,0,154
5070426,3,31,2026,1er semestre,29.46,0,168
5070428,3,31,2026,1er semestre,16.45,0,91
5073555,3,31,2026,1er semestre,26.42,0,150
5073556,3,31,2026,1er semestre,19.5,0,109
5073553,3,31,2026,1er semestre,17.3,0,96
14102718,3,31,2026,1er semestre,23.55,0,133
218400842,3,31,2026,1er semestre,51.62,1,299
1809126635,3,31,2026,1er semestre,5.12,0,24
14100720,3,31,2026,1er semestre,36.74,0,211
14100718,3,31,2026,1er semestre,47.06,0,272
23991862,3,31,2026,1er semestre,1329.53,34,4160
17846279,4,30,2026,1er semestre,38.46,2,200
78800436,4,30,2026,1er semestre,334.16,18,1360
184586134,4,30,2026,1er semestre,53.59,3,280
170796743,4,30,2026,1er semestre,2928.9,60,11040
197059268,4,30,2026,1er semestre,2756.17,40,11720
163806535,4,30,2026,1er semestre,3326.59,74,12040
3143240198,4,30,2026,1er semestre,123859.2,1717,606145
3180050301,4,30,2026,1er semestre,60775.77,945,289800
3143290146,4,30,2026,1er semestre,14080.32,220,56800
3143240218,4,30,2026,1er semestre,16514.72,294,75950
18790336,4,30,2026,1er semestre,2892.95,59,9680
23990650,4,30,2026,1er semestre,2594.77,48,9480
17791158,4,30,2026,1er semestre,5351.17,108,17760
13000875,4,30,2026,1er semestre,7420.89,161,22560
50001054,4,30,2026,1er semestre,1364.61,22,5580
3001351,4,30,2026,1er semestre,1052.2,0,4200
18792324,4,30,2026,1er semestre,1527.97,36,6100
269920326,4,30,2026,1er semestre,420,27,1680
258600637,4,30,2026,1er semestre,7.5,0,30
14000987,4,30,2026,1er semestre,13020.6,221,46900
627568,4,30,2026,1er semestre,0,0,72
15004519,4,30,2026,1er semestre,0,7,640
14000888,4,30,2026,1er semestre,17473.56,286,65520
17790969,4,30,2026,1er semestre,6955.64,139,25040
24980011,4,30,2026,1er semestre,4852.21,88,18560
13001019,4,30,2026,1er semestre,2239.45,50,7680
18792647,4,30,2026,1er semestre,3752.96,75,13040
23990876,4,30,2026,1er semestre,3445.23,84,10031
23992977,4,30,2026,1er semestre,4156.63,73,15440
17791239,4,30,2026,1er semestre,7307.5,112,29100
53064654,4,30,2026,1er semestre,289.72,4,1080
14000318,4,30,2026,1er semestre,3.26,0,0
5070182,4,30,2026,1er semestre,3.26,0,0
62086091,4,30,2026,1er semestre,3.31,0,0
5070181,4,30,2026,1er semestre,14.76,0,76
2309106513,4,30,2026,1er semestre,10.43,0,50
5070260,4,30,2026,1er semestre,36.08,0,194
5070259,4,30,2026,1er semestre,22.03,0,113
5070257,4,30,2026,1er semestre,3.71,0,2
5070258,4,30,2026,1er semestre,19.57,0,98
5070427,4,30,2026,1er semestre,16.76,0,85
5070425,4,30,2026,1er semestre,34.81,0,184
5070426,4,30,2026,1er semestre,29.58,0,155
5070428,4,30,2026,1er semestre,20.57,0,106
5073555,4,30,2026,1er semestre,34.3,0,187
5073556,4,30,2026,1er semestre,11.2,0,50
5073553,4,30,2026,1er semestre,16.09,0,82
14102718,4,30,2026,1er semestre,28.96,0,153
218400842,4,30,2026,1er semestre,47.26,1,254
1809126635,4,30,2026,1er semestre,5.93,0,24
14100720,4,30,2026,1er semestre,56.81,0,309
14100718,4,30,2026,1er semestre,67.63,0,351
23991862,4,30,2026,1er semestre,2084.5,34,8000
3143290146,5,31,2026,1er semestre,14581.81,240,57200
3143240218,5,31,2026,1er semestre,18367.11,291,86100
3143240198,5,31,2026,1er semestre,132061.74,1693,648674
3180050301,5,31,2026,1er semestre,62173.21,924,296100
184586134,5,31,2026,1er semestre,45.92,3,240
170796743,5,31,2026,1er semestre,3464.73,69,13040
197059268,5,31,2026,1er semestre,3112.56,43,13240
163806535,5,31,2026,1er semestre,3494.87,73,12880
17846279,5,31,2026,1er semestre,22.96,1,120
78800436,5,31,2026,1er semestre,316.23,17,1280
18790336,5,31,2026,1er semestre,3284.96,59,13440
23990650,5,31,2026,1er semestre,2915.05,49,12600
17791158,5,31,2026,1er semestre,6176.61,111,24800
13000875,5,31,2026,1er semestre,12433.67,161,58240
50001054,5,31,2026,1er semestre,1416.36,21,6720
3001351,5,31,2026,1er semestre,1349.99,0,5400
18792324,5,31,2026,1er semestre,1824.99,44,7300
269920326,5,31,2026,1er semestre,600,25,2400
258600637,5,31,2026,1er semestre,7.5,0,30
14000987,5,31,2026,1er semestre,14065.3,228,56000
24990684,4,30,2026,1er semestre,5247.96,71,22586
24990684,5,31,2026,1er semestre,3730.78,71,15120
627568,5,31,2026,1er semestre,0,0,72
15004519,5,31,2026,1er semestre,0,9,640
14000888,5,31,2026,1er semestre,17086.79,282,68400
17790969,5,31,2026,1er semestre,7139.43,139,28240
24980011,5,31,2026,1er semestre,5210.23,95,21440
13001019,5,31,2026,1er semestre,2358.61,51,8960
18792647,5,31,2026,1er semestre,4136.26,75,16720
23990876,5,31,2026,1er semestre,6065.23,84,27729
23992977,5,31,2026,1er semestre,4631.28,74,20160
17791239,5,31,2026,1er semestre,7612.99,113,33300
53064654,5,31,2026,1er semestre,339.23,4,1280
14000318,5,31,2026,1er semestre,2.68,0,0
5070182,5,31,2026,1er semestre,2.71,0,0
62086091,5,31,2026,1er semestre,2.74,0,0
5070181,5,31,2026,1er semestre,24.54,0,145
2309106513,5,31,2026,1er semestre,10.29,0,56
5070260,5,31,2026,1er semestre,40.5,0,240
5070259,5,31,2026,1er semestre,22.95,0,133
5070257,5,31,2026,1er semestre,2.76,0,0
5070258,5,31,2026,1er semestre,24.86,0,143
5070427,5,31,2026,1er semestre,20.57,0,119
5070425,5,31,2026,1er semestre,39.71,0,234
5070426,5,31,2026,1er semestre,25.52,0,146
5070428,5,31,2026,1er semestre,27.7,0,164
5073555,5,31,2026,1er semestre,34.4,0,204
5073556,5,31,2026,1er semestre,10.92,0,58
5073553,5,31,2026,1er semestre,17.69,0,100
14102718,5,31,2026,1er semestre,26.61,0,156
218400842,5,31,2026,1er semestre,49.31,1,291
1809126635,5,31,2026,1er semestre,6.84,0,35
14100720,5,31,2026,1er semestre,76.07,0,412
14100718,5,31,2026,1er semestre,72.01,0,393
23991862,5,31,2026,1er semestre,2311.21,34,10560
17846279,6,31,2026,1er semestre,29.72,2,160
78800436,6,31,2026,1er semestre,324.28,13,1360
184586134,6,31,2026,1er semestre,67.43,3,320
170796743,6,31,2026,1er semestre,2923.23,67,10880
197059268,6,31,2026,1er semestre,2735.42,44,11760
163806535,6,31,2026,1er semestre,2857.41,74,9920
3143240198,6,31,2026,1er semestre,118452.83,1703,602499
3180050301,6,31,2026,1er semestre,63059.51,1008,312900
3143290146,6,31,2026,1er semestre,12773.99,232,51200
3143240218,6,31,2026,1er semestre,16685.01,291,80850
